Date,Meal,Calories,Fat (g),Saturated Fat,Polyunsaturated Fat,Monounsaturated Fat,Trans Fat,Cholesterol,Sodium (mg),Potassium,Carbohydrates (g),Fiber,Sugar,Protein (g),Vitamin A,Vitamin C,Calcium,Iron,Note
2018-04-15,Breakfast,257.1,6.6,3.3,0.9,1.8,0.0,0.0,299.0,474.7,44.9,3.2,4.8,5.7,0.0,1668.2,11.4,12.5,
2018-04-15,Lunch,389.0,16.8,4.8,0.0,0.9,0.0,0.0,134.7,284.4,26.6,4.4,4.9,35.0,10.8,133.2,3.6,2.7,
2018-04-15,Snacks,60.0,1.8,0.2,0.0,0.0,0.0,0.0,150.0,0.0,13.0,0.2,13.0,0.6,0.0,0.0,22.5,0.0,
2018-04-16,Breakfast,255.5,11.2,3.3,0.5,0.4,0.0,0.0,707.0,443.0,9.7,1.7,1.7,29.2,100.0,1668.0,0.6,17.2,
2018-04-16,Lunch,483.9,20.5,10.0,1.3,4.9,0.0,0.0,697.1,740.1,31.1,5.1,6.0,45.1,404.6,10.5,4.3,3.7,
2018-04-16,Dinner,627.2,6.0,2.1,1.2,1.7,0.2,85.0,513.2,540.4,86.3,11.3,1.6,52.7,11.2,135.2,7.1,27.5,
2018-04-16,Snacks,587.0,15.6,5.8,2.1,4.2,0.0,0.0,536.0,915.0,102.4,8.7,59.5,19.2,3.0,107.0,30.4,5.2,
2018-04-17,Breakfast,292.6,15.3,5.9,0.6,1.4,0.0,0.0,709.4,443.0,9.7,1.7,1.7,29.2,100.0,1668.0,0.6,17.2,
2018-04-17,Lunch,771.7,14.2,8.0,0.6,4.4,0.2,0.0,45.7,706.4,108.8,10.4,21.1,55.9,12.8,150.2,3.6,3.7,
2018-04-17,Dinner,456.3,11.3,5.7,1.0,1.2,0.0,85.0,991.9,876.0,35.3,2.8,5.8,44.3,0.4,45.0,3.5,11.8,
2018-04-17,Snacks,445.0,15.9,8.3,0.7,2.5,0.0,0.0,187.0,345.0,45.8,4.2,17.0,31.3,0.0,1.0,30.4,2.2,
2018-04-18,Breakfast,328.5,11.9,6.6,0.5,2.3,0.0,0.0,172.0,345.0,46.7,3.6,25.5,8.5,1.0,1668.0,13.4,2.2,
2018-04-18,Lunch,478.6,22.0,8.3,2.4,7.2,0.0,70.0,242.0,215.3,33.4,2.9,5.7,34.2,2.1,0.2,18.3,5.0,
2018-04-18,Dinner,489.5,18.1,8.2,1.1,4.0,0.0,0.0,545.4,1024.5,38.9,5.8,3.7,44.2,74.4,137.3,5.3,5.1,
2018-04-18,Snacks,528.0,23.0,9.2,1.8,4.2,0.0,422.0,533.0,148.0,56.3,4.2,26.4,28.3,11.0,8.0,19.8,11.0,
2018-04-19,Breakfast,279.9,11.6,3.4,0.5,0.6,0.0,0.0,707.0,443.0,9.8,1.7,1.8,34.3,0.0,1668.0,0.6,17.2,
2018-04-19,Lunch,643.6,27.0,11.4,2.6,8.4,0.0,70.0,228.0,637.3,63.1,5.8,22.3,37.6,4.1,17.2,9.8,6.0,
2018-04-19,Dinner,466.7,16.8,7.9,1.1,4.0,0.0,0.0,545.4,1506.3,31.8,4.9,4.2,42.4,74.4,172.3,6.9,9.8,
2018-04-19,Snacks,442.0,14.0,5.6,2.1,4.2,0.0,0.0,435.0,493.0,66.7,5.6,36.8,17.8,1.0,90.0,14.4,3.2,
2018-04-20,Breakfast,265.3,11.3,3.3,0.5,0.5,0.0,0.0,707.0,443.0,9.7,1.7,1.7,31.2,0.0,1668.0,0.6,17.2,
2018-04-20,Lunch,407.8,9.6,5.0,0.1,3.1,0.0,0.0,169.7,284.4,30.6,5.3,6.5,52.3,10.8,133.2,3.6,2.7,
2018-04-20,Dinner,423.5,5.8,1.6,1.0,1.5,0.0,85.0,76.0,256.0,36.9,7.0,0.3,42.6,0.4,2.0,3.5,24.8,
2018-04-20,Snacks,560.0,18.6,8.4,2.3,5.3,0.0,0.0,356.0,915.0,95.2,8.2,52.1,11.6,3.0,107.0,32.4,5.2,
2018-04-21,Breakfast,280.1,14.9,5.7,0.4,1.0,0.0,0.0,804.4,443.0,17.9,2.8,2.1,18.4,0.0,1668.0,0.6,17.2,
2018-04-21,Lunch,357.4,5.7,2.2,0.1,1.9,0.0,0.0,29.7,284.4,34.7,5.3,2.6,43.3,10.8,133.2,3.6,2.7,
2018-04-21,Dinner,491.1,27.5,4.5,0.7,4.1,0.0,0.0,142.7,796.2,27.7,2.9,3.4,35.5,4.8,69.8,2.8,7.1,
2018-04-21,Snacks,707.5,25.4,13.3,2.4,6.6,0.0,0.0,411.0,767.0,78.7,6.1,28.1,44.8,2.0,18.0,18.6,4.2,
2018-04-22,Breakfast,294.5,10.9,6.5,0.5,2.3,0.0,0.0,87.0,345.0,39.3,3.5,18.1,8.2,101.0,1668.0,0.6,2.2,
2018-04-22,Lunch,452.5,5.3,0.1,0.0,0.0,0.0,0.0,212.5,575.0,37.3,5.4,6.9,8.2,0.0,0.0,0.0,0.0,
2018-04-22,Dinner,289.8,2.0,0.8,0.6,0.2,0.2,0.0,679.7,766.2,28.5,3.9,4.3,43.2,10.8,168.2,5.2,7.4,
2018-04-22,Snacks,1007.0,42.9,4.0,3.9,31.6,0.0,0.0,1407.0,4225.0,143.8,4.5,15.4,13.5,0.0,1.0,13.4,2.2,
2018-04-23,Breakfast,279.9,11.6,3.4,0.5,0.6,0.0,0.0,707.0,443.0,9.8,1.7,1.8,34.3,100.0,1668.0,0.6,17.2,
2018-04-23,Lunch,609.7,27.9,6.5,0.1,1.0,0.0,0.0,562.7,0.0,45.2,4.5,7.0,44.5,238.7,4.5,1.8,0.9,
2018-04-23,Dinner,367.5,8.8,4.0,1.0,1.2,0.0,85.0,137.6,1022.2,35.1,4.7,7.0,37.7,11.2,168.2,6.7,13.2,
2018-04-23,Snacks,616.0,16.8,7.0,0.7,2.5,0.0,0.0,553.0,915.0,110.3,10.9,49.0,13.3,3.0,26.0,45.2,5.2,
2018-04-26,Breakfast,255.5,11.2,3.3,0.5,0.4,0.0,0.0,707.0,443.0,9.7,1.7,1.7,29.2,100.0,1668.0,0.6,17.2,
2018-04-26,Lunch,319.8,4.6,1.1,0.3,1.2,0.0,0.0,629.4,341.2,18.0,5.7,4.4,38.5,281.2,112.5,5.7,3.2,
2018-04-26,Dinner,578.8,12.4,7.2,1.0,2.7,0.2,0.0,711.2,903.8,63.3,9.0,25.8,55.9,1.0,52.0,18.6,5.7,
2018-04-26,Snacks,648.0,19.9,6.4,0.4,0.3,0.0,0.0,407.8,493.0,101.0,9.2,27.8,20.9,1.0,9.0,14.4,3.2,
2018-04-27,Breakfast,410.0,24.2,8.5,0.5,2.3,0.0,0.0,146.3,345.0,35.3,4.9,14.4,11.9,101.0,1668.0,13.4,2.2,
2018-04-27,Lunch,666.0,32.5,9.9,0.3,2.3,0.0,0.0,169.4,643.2,58.2,6.6,21.5,40.4,10.4,120.6,2.8,3.1,
2018-04-27,Dinner,414.9,10.8,2.2,1.5,5.3,0.0,85.0,86.4,570.4,39.9,4.6,7.1,38.5,5.2,34.8,2.7,8.2,
2018-04-27,Snacks,614.0,20.5,7.0,0.4,0.3,0.0,330.0,667.6,465.0,64.8,3.7,12.8,30.0,8.0,1.0,17.4,10.2,
2018-05-08,Breakfast,436.0,16.5,2.8,0.4,0.1,0.0,0.0,131.5,345.0,56.1,5.9,33.3,16.2,0.0,1668.0,33.4,2.2,
2018-05-08,Lunch,418.6,17.4,5.3,2.3,6.1,0.0,70.0,212.0,215.3,30.8,2.7,3.2,32.2,2.1,0.2,9.8,5.0,
2018-05-08,Dinner,312.5,4.3,1.9,0.2,2.1,0.0,0.0,0.3,481.8,22.9,2.5,3.6,45.4,0.0,35.0,1.6,4.7,
2018-05-08,Snacks,577.5,19.5,2.5,3.9,9.3,0.0,0.0,642.4,693.0,73.4,8.7,28.0,23.3,1.0,9.0,22.4,9.2,
2018-05-09,Breakfast,255.5,11.2,3.3,0.5,0.4,0.0,0.0,707.0,443.0,9.7,1.7,1.7,29.2,0.0,1668.0,0.6,17.2,
2018-05-09,Snacks,529.0,18.9,2.4,3.9,9.3,0.0,0.0,547.4,693.0,64.8,7.6,27.2,21.1,1.0,9.0,22.4,9.2,
2018-05-12,Breakfast,255.9,14.6,5.7,0.4,1.0,0.0,0.0,756.9,443.0,13.6,2.3,1.7,17.3,0.0,1668.0,0.6,17.2,
2018-05-12,Lunch,327.1,5.4,2.0,0.1,1.9,0.0,0.0,23.2,221.2,28.8,3.3,2.4,42.1,8.4,103.6,2.8,2.1,
2018-05-12,Snacks,391.0,4.9,1.4,0.4,0.3,0.0,0.0,547.4,493.0,72.4,7.3,39.8,16.9,1.0,117.0,14.4,3.2,
2018-05-14,Breakfast,486.0,19.2,3.2,0.4,0.1,0.0,0.0,132.4,345.0,60.6,6.9,33.7,17.6,100.0,1668.0,33.4,2.2,
2018-05-14,Lunch,331.3,7.2,3.3,0.1,1.9,0.0,0.0,23.1,221.2,25.7,4.0,2.4,43.4,8.4,103.6,2.8,2.1,
2018-05-14,Dinner,442.3,18.5,3.2,0.0,0.0,0.0,0.0,130.3,0.0,36.0,6.6,3.0,29.7,0.0,0.0,0.0,0.0,
2018-05-14,Snacks,638.0,19.5,2.5,3.9,9.3,0.0,0.0,687.4,693.0,86.3,10.5,41.0,23.7,1.0,117.0,22.4,9.2,
2018-05-15,Breakfast,341.3,15.9,6.1,0.6,1.6,0.0,0.0,756.9,443.0,14.0,2.3,2.1,35.4,100.0,1668.0,0.6,17.2,
2018-05-15,Lunch,439.7,13.6,2.7,2.4,5.1,0.0,70.0,290.1,215.3,36.0,2.0,8.6,41.1,2.1,0.2,25.0,5.0,
2018-05-15,Dinner,361.0,14.3,3.8,0.0,0.0,0.0,0.0,75.0,481.8,27.2,5.2,2.8,29.3,3.6,35.0,7.6,4.7,
2018-05-15,Snacks,572.0,12.8,2.7,2.4,4.4,0.0,0.0,492.5,493.0,80.9,9.7,48.1,21.0,1.0,117.0,27.2,5.2,
2018-05-16,Breakfast,321.1,15.7,6.1,0.6,1.5,0.0,0.0,586.9,345.0,13.2,1.7,1.5,32.0,100.0,1668.0,0.6,2.2,
2018-05-16,Lunch,813.7,23.4,13.6,0.0,0.0,0.0,0.0,325.7,796.2,60.8,8.5,8.8,25.7,8.4,103.6,58.8,20.1,
2018-05-16,Dinner,280.1,12.1,2.2,2.3,5.0,0.0,70.0,218.0,215.3,10.5,4.9,5.0,32.8,2.1,52.9,9.2,5.0,
2018-05-16,Snacks,347.0,12.1,2.7,2.4,4.4,0.0,0.0,547.5,345.0,42.1,2.3,12.7,18.4,0.0,1.0,13.4,2.2,
2018-05-17,Breakfast,292.0,11.6,3.5,0.5,0.5,0.0,0.0,754.5,443.0,14.0,2.3,2.1,32.8,100.0,1668.0,0.6,17.2,
2018-05-17,Lunch,714.6,10.1,2.2,0.2,0.1,0.0,0.0,285.5,1237.0,85.0,11.1,34.3,21.2,1.0,137.0,19.8,3.0,
2018-05-17,Dinner,433.9,12.7,7.5,0.7,0.4,0.2,0.0,650.2,544.6,26.9,2.1,4.9,54.2,0.0,39.5,29.8,5.3,
2018-05-17,Snacks,404.0,11.7,3.2,2.2,3.3,0.0,0.0,660.4,345.0,60.6,1.2,20.0,18.2,0.0,1.0,26.1,2.2,
2018-05-18,Breakfast,677.2,28.9,8.9,0.5,2.3,0.0,0.0,150.6,481.0,87.6,13.0,58.4,16.4,101.0,1699.5,15.1,5.6,
2018-05-18,Lunch,373.1,13.1,2.5,2.3,5.0,0.0,70.0,241.2,436.5,28.8,3.0,4.5,34.8,10.5,103.8,12.0,7.1,
2018-05-18,Snacks,313.0,5.1,1.4,0.4,0.3,0.0,0.0,492.4,345.0,52.9,3.9,32.7,16.1,0.0,109.0,26.1,2.2,
2018-05-21,Breakfast,292.0,11.6,3.5,0.5,0.5,0.0,0.0,754.5,443.0,14.0,2.3,2.1,32.8,100.0,1668.0,0.6,17.2,
2018-05-21,Lunch,386.9,10.0,3.4,4.0,0.3,0.0,0.0,282.3,796.2,30.4,9.5,10.2,43.3,281.2,108.7,4.9,3.1,
2018-05-21,Dinner,498.7,4.9,1.2,0.2,1.2,0.0,0.0,562.1,120.0,22.2,7.1,10.8,40.8,0.0,71.8,0.8,0.1,
2018-05-21,Snacks,529.0,22.2,9.7,2.2,3.3,0.0,0.0,660.4,345.0,60.7,1.2,20.0,25.8,0.0,1.0,54.1,2.2,
2018-05-22,Breakfast,459.1,19.7,7.8,0.8,2.3,0.0,0.0,165.6,657.0,57.0,5.8,28.9,12.4,109.6,1776.0,17.4,3.2,
2018-05-22,Lunch,591.3,27.8,14.2,1.2,4.0,0.0,0.0,561.9,740.1,37.9,5.4,5.6,48.9,336.4,9.2,31.8,3.4,
2018-05-22,Dinner,358.9,5.8,1.5,1.4,1.6,0.0,85.0,102.2,523.9,37.4,4.8,6.1,38.5,8.8,103.6,4.9,9.1,
2018-05-22,Snacks,316.0,5.3,1.4,0.4,0.3,0.0,0.0,492.4,493.0,58.3,4.5,33.4,14.7,1.0,9.0,27.1,3.2,
2018-05-23,Breakfast,226.0,7.0,2.2,0.5,0.5,0.0,0.0,554.5,443.0,14.0,2.3,2.1,26.4,100.0,1668.0,0.6,17.2,
2018-05-23,Lunch,648.8,24.6,8.6,3.2,7.9,0.0,70.0,233.9,273.1,59.6,9.0,17.6,44.8,3.9,12.2,10.0,5.8,
2018-05-23,Dinner,800.0,0.0,0.0,0.0,0.0,0.0,0.0,0.0,0.0,0.0,0.0,0.0,0.0,0.0,0.0,0.0,0.0,
2018-05-23,Snacks,174.0,2.1,0.5,0.3,0.0,0.0,0.0,322.0,493.0,39.6,3.7,14.7,2.8,1.0,9.0,1.6,3.2,
2018-05-24,Breakfast,292.0,11.6,3.5,0.5,0.5,0.0,0.0,754.5,443.0,14.0,2.3,2.1,32.8,100.0,1668.0,0.6,17.2,
2018-05-24,Lunch,544.8,14.2,7.2,0.6,3.5,0.0,0.0,645.4,763.2,50.3,8.8,23.5,43.9,283.2,129.5,5.7,4.2,
2018-05-24,Dinner,498.6,18.2,8.0,1.5,4.4,0.0,0.0,520.4,786.8,36.0,6.8,4.0,45.4,63.6,4.1,2.3,3.6,
2018-05-24,Snacks,479.5,20.5,10.7,0.4,0.3,0.0,0.0,668.4,345.0,52.2,2.9,20.2,25.2,0.0,1.0,54.1,2.2,
2018-05-25,Breakfast,292.0,11.6,3.5,0.5,0.5,0.0,0.0,754.5,443.0,14.0,2.3,2.1,32.8,100.0,1668.0,0.6,17.2,
2018-05-25,Lunch,591.3,27.8,14.2,1.2,4.0,0.0,0.0,561.9,740.1,37.9,5.4,5.6,48.9,336.4,9.2,31.8,3.4,
2018-05-25,Dinner,484.7,12.6,2.2,2.7,5.4,0.0,70.0,222.9,264.2,27.8,2.6,2.8,33.1,2.1,0.2,9.8,6.2,
2018-05-25,Snacks,580.0,12.3,3.3,2.2,3.3,0.0,0.0,661.4,915.0,106.6,7.5,48.3,19.6,3.0,26.0,28.1,5.2,
2018-05-26,Breakfast,687.9,27.1,7.7,0.9,1.7,0.0,0.0,436.2,657.0,75.8,10.4,34.0,24.4,108.6,1776.0,37.4,3.2,
2018-06-12,Breakfast,292.0,11.6,3.5,0.5,0.5,0.0,0.0,754.5,443.0,14.0,2.3,2.1,32.8,100.0,1668.0,0.6,17.2,
2018-06-12,Lunch,414.1,1.7,0.5,0.0,0.0,0.0,0.0,235.7,796.2,31.3,3.6,7.7,6.4,8.4,103.6,2.8,2.1,
2018-06-12,Dinner,206.2,6.5,4.1,0.0,0.0,0.0,0.0,525.4,733.3,18.4,2.2,1.5,10.2,0.0,26.4,1.5,5.1,
2018-06-12,Snacks,316.0,5.3,1.4,0.4,0.3,0.0,0.0,492.4,493.0,58.3,4.5,33.4,14.7,1.0,9.0,27.1,3.2,
2018-06-13,Breakfast,330.0,9.2,1.5,0.4,0.1,0.0,0.0,153.9,345.0,52.2,5.8,20.1,14.4,100.0,1668.0,33.4,2.2,
2018-06-13,Lunch,385.8,7.6,1.7,0.5,3.4,0.0,0.0,54.4,0.0,38.6,2.9,4.6,40.0,0.0,0.0,11.9,0.2,
2018-06-13,Dinner,431.3,16.4,7.7,1.1,4.0,0.0,0.0,531.1,1473.4,23.6,3.2,3.4,39.5,63.6,30.5,3.2,7.5,
2018-06-13,Snacks,641.0,23.0,9.8,2.2,3.3,0.0,0.0,800.4,493.0,87.6,4.7,34.5,27.0,1.0,9.0,55.1,3.2,
2018-06-14,Breakfast,465.2,19.4,7.9,0.7,2.1,0.0,0.0,912.8,443.0,26.9,4.5,12.5,36.3,100.0,1668.0,0.6,17.2,
2018-06-14,Lunch,480.7,10.7,3.4,3.9,0.3,0.0,0.0,236.1,796.2,50.5,9.7,8.3,45.0,8.4,103.6,2.8,2.1,
2018-06-14,Dinner,415.8,11.6,2.5,0.2,2.8,0.0,0.0,12.8,221.4,27.0,3.6,2.4,61.2,149.6,36.8,7.2,12.0,
2018-06-14,Snacks,206.0,1.7,0.5,0.3,0.0,0.0,0.0,322.0,345.0,15.8,0.4,0.4,2.0,0.0,1.0,0.6,2.2,
2018-06-15,Breakfast,372.8,8.6,1.2,0.3,0.0,0.0,0.0,194.3,457.0,56.1,10.0,24.0,21.0,100.0,1693.9,28.0,5.0,
2018-06-15,Lunch,487.4,18.2,7.9,1.1,4.0,0.0,0.0,515.7,740.1,36.2,6.7,4.5,45.4,63.6,4.1,1.7,2.4,
2018-06-15,Dinner,366.7,12.6,2.2,2.7,5.4,0.0,70.0,222.9,264.2,27.8,2.6,2.8,33.1,2.1,0.2,9.8,6.2,
2018-06-15,Snacks,468.0,17.9,9.0,1.8,3.0,0.0,0.0,168.0,0.0,34.7,0.0,0.9,13.5,0.0,0.0,0.0,0.0,
2018-06-16,Breakfast,292.0,11.6,3.5,0.5,0.5,0.0,0.0,754.5,443.0,14.0,2.3,2.1,32.8,100.0,1668.0,0.6,17.2,
2018-06-16,Lunch,449.8,2.0,0.5,0.0,0.0,0.0,0.0,235.7,796.2,38.2,3.9,7.8,7.4,8.4,103.6,2.8,2.1,
2018-06-16,Dinner,424.2,5.5,2.4,0.2,2.8,0.0,0.0,17.4,733.3,27.4,4.7,10.8,57.6,0.0,94.4,1.5,5.1,
2018-06-16,Snacks,752.0,18.5,5.0,4.0,6.3,0.0,0.0,828.4,493.0,100.9,4.5,35.2,22.5,1.0,9.0,27.1,3.2,
2018-06-17,Breakfast,450.8,20.9,3.7,0.4,0.1,0.0,0.0,123.2,345.0,44.3,6.8,15.4,19.4,100.0,1668.0,35.9,2.2,
2018-06-17,Snacks,442.0,21.1,13.2,0.0,0.0,0.0,0.0,71.0,0.0,56.9,3.4,36.5,6.2,0.0,0.0,0.0,0.0,
2018-06-18,Breakfast,292.0,11.6,3.5,0.5,0.5,0.0,0.0,754.5,443.0,14.0,2.3,2.1,32.8,0.0,1668.0,0.6,17.2,
2018-06-18,Lunch,338.2,7.1,1.6,0.5,3.4,0.0,0.0,54.3,0.0,29.5,2.5,4.4,38.6,0.0,0.0,11.9,0.2,
2018-06-18,Snacks,448.0,4.7,1.3,0.4,0.3,0.0,0.0,213.6,915.0,89.3,9.8,60.8,17.5,3.0,134.0,28.1,5.2,
2018-06-19,Breakfast,326.0,9.1,1.5,0.4,0.1,0.0,0.0,143.9,345.0,51.3,5.8,19.2,14.4,100.0,1668.0,31.9,2.2,
2018-06-19,Lunch,478.1,18.3,8.2,1.1,4.0,0.0,0.0,538.9,961.3,36.0,3.9,3.8,43.6,72.0,107.7,4.5,4.5,
2018-06-19,Snacks,451.0,5.7,1.4,0.4,0.3,0.0,0.0,353.6,915.0,93.2,7.3,47.4,17.2,3.0,26.0,28.1,5.2,
2018-08-06,Breakfast,267.7,11.4,3.4,0.5,0.5,0.0,0.0,707.0,443.0,9.8,1.7,1.8,31.7,100.0,1668.0,0.6,17.2,
2018-08-06,Lunch,331.1,12.3,2.2,2.3,5.0,0.0,70.0,218.1,215.3,20.9,1.1,2.9,32.1,2.1,0.2,9.2,5.0,
2018-08-06,Dinner,270.0,9.0,2.0,4.0,4.0,0.0,88.0,500.0,600.0,6.0,0.0,0.2,34.0,0.0,5.0,2.0,7.0,
2018-08-06,Snacks,907.4,29.7,12.6,4.2,9.1,0.0,0.0,1000.7,767.0,121.0,9.6,36.5,42.5,2.0,18.0,13.6,4.2,
2018-08-16,Breakfast,267.7,11.4,3.4,0.5,0.5,0.0,0.0,707.0,443.0,9.8,1.7,1.8,31.7,100.0,1668.0,0.6,17.2,
2018-08-16,Lunch,331.1,12.3,2.2,2.3,5.0,0.0,70.0,218.1,215.3,20.9,1.1,2.9,32.1,2.1,0.2,9.2,5.0,
2018-08-16,Snacks,510.5,14.5,4.9,1.7,3.8,0.0,0.0,690.6,350.5,67.6,5.6,32.7,27.5,0.0,1.0,30.6,2.2,
2019-07-12,Breakfast,354.3,7.8,1.7,2.1,3.4,0.0,0.0,77.9,351.9,43.5,5.2,19.0,24.4,100.0,1668.0,20.6,2.2,
2019-07-12,Lunch,540.0,18.6,7.9,1.1,4.0,0.0,0.0,515.7,740.1,47.6,7.6,4.8,46.5,63.6,4.1,1.7,2.4,
2019-07-12,Dinner,456.0,6.0,1.3,0.8,1.2,0.0,85.0,74.0,256.0,55.8,8.0,6.4,42.3,0.4,0.0,1.5,5.8,
2019-07-12,Snacks,395.4,10.1,2.3,2.1,3.0,0.0,0.0,410.0,493.0,67.3,3.5,32.6,6.2,1.0,9.0,31.6,3.2,
2019-07-16,Breakfast,281.8,5.3,0.6,0.5,0.2,0.0,0.0,97.0,345.0,50.1,4.6,20.6,7.4,100.0,1668.0,8.9,2.2,
2019-07-16,Lunch,378.0,12.8,2.3,2.3,5.0,0.0,70.0,241.2,436.5,30.4,3.1,4.2,34.8,10.5,103.8,12.0,7.1,
2019-07-16,Dinner,493.8,24.9,3.0,3.8,15.9,0.0,0.0,4.8,0.0,43.8,10.6,14.1,23.3,0.0,0.0,0.0,0.0,
2019-07-16,Snacks,333.2,7.7,2.7,0.3,0.7,0.0,0.0,606.0,493.0,64.1,4.4,34.4,10.7,1.0,9.0,31.6,3.2,
2019-07-17,Breakfast,275.7,12.2,4.8,0.5,0.5,0.0,424.0,431.0,443.0,11.8,1.7,3.8,30.9,112.0,1668.0,4.6,23.2,
2019-07-17,Lunch,497.6,10.3,2.6,0.7,1.6,0.0,124.0,821.3,506.6,33.5,5.0,2.9,66.3,55.2,1.5,20.8,17.5,
2019-07-17,Dinner,408.3,13.9,4.0,1.6,6.0,0.0,0.0,462.4,397.9,28.0,12.0,13.2,45.0,36.0,202.3,3.5,3.7,
2019-07-17,Snacks,758.8,21.1,8.2,1.7,3.8,0.2,17.9,713.0,498.5,92.3,8.9,50.7,34.2,1.0,9.0,24.1,3.2,
2019-07-18,Breakfast,275.7,12.2,4.8,0.5,0.5,0.0,424.0,431.0,443.0,11.8,1.7,3.8,30.9,112.0,1668.0,4.6,23.2,
2019-07-18,Lunch,497.6,10.3,2.6,0.7,1.6,0.0,124.0,821.3,506.6,33.5,5.0,2.9,66.3,55.2,1.5,20.8,17.5,
2019-07-18,Dinner,443.0,24.2,3.0,3.8,15.9,0.0,0.0,4.0,0.0,31.9,4.0,9.7,22.1,0.0,0.0,0.0,0.0,
2019-07-18,Snacks,633.5,18.8,7.7,1.4,3.8,0.2,17.9,521.0,153.5,79.3,8.7,37.7,33.2,1.0,8.0,1.0,1.0,
2019-07-20,Breakfast,424.6,19.7,9.1,0.7,2.1,0.0,424.0,541.8,443.0,20.4,3.3,13.8,33.3,112.0,1668.0,4.6,23.2,
2019-07-20,Lunch,337.2,5.6,2.7,0.0,0.0,0.0,0.0,0.0,0.0,37.2,5.0,20.1,32.8,0.0,0.0,0.0,0.0,
2019-07-20,Dinner,415.4,20.3,5.0,2.2,11.0,0.0,0.0,468.0,176.7,12.2,5.5,8.5,43.8,60.1,190.2,9.2,8.6,
2019-07-20,Snacks,276.4,4.8,0.8,0.3,0.0,0.0,0.0,472.9,415.7,31.1,1.4,13.5,2.9,0.0,1.0,23.7,12.6,
2019-07-21,Breakfast,437.4,24.3,8.5,2.6,3.9,0.0,0.0,112.0,345.0,33.0,0.7,13.6,18.6,101.0,1668.0,8.9,2.2,
2019-07-22,Breakfast,285.2,12.9,5.4,0.4,0.6,0.0,330.0,428.4,563.0,9.9,1.7,1.9,32.0,108.0,1668.0,4.6,25.2,
2019-07-22,Lunch,490.7,9.9,2.5,1.0,1.6,0.0,124.0,845.2,841.1,38.4,7.9,5.6,63.7,64.1,137.9,25.5,22.5,
2019-07-22,Dinner,396.8,16.2,4.9,0.9,7.9,0.0,0.0,618.5,30.2,9.8,3.5,8.0,51.4,39.0,111.6,21.9,8.5,
2019-07-22,Snacks,507.1,10.8,2.5,1.7,2.6,0.0,0.0,221.5,569.2,66.9,8.5,40.4,36.1,1.0,9.0,24.7,13.6,
2019-07-23,Breakfast,464.4,20.6,7.8,0.6,2.4,0.0,0.0,112.0,345.0,48.0,3.2,20.1,19.5,101.0,1669.0,8.9,2.2,
2019-07-23,Lunch,365.6,10.4,3.4,0.3,2.9,0.0,0.0,513.2,30.2,31.0,1.8,6.9,36.4,0.0,1.8,11.7,0.1,
2019-07-23,Dinner,526.1,22.9,10.0,2.0,8.4,0.0,0.0,523.1,630.5,33.1,8.8,21.3,48.9,37.5,291.7,44.8,4.3,
2019-07-23,Snacks,504.1,10.6,2.5,1.7,2.6,0.0,0.0,221.5,421.2,61.5,7.9,39.7,37.5,0.0,109.0,23.7,12.6,
2019-07-24,Breakfast,467.2,24.4,13.7,0.7,0.7,0.0,330.0,546.4,563.0,21.7,7.7,3.9,37.4,108.0,1668.0,4.6,25.2,
2019-07-24,Lunch,554.2,21.8,7.9,1.8,7.0,0.0,26.5,1385.6,78.4,52.9,5.4,6.7,35.9,48.8,165.9,3.8,9.2,
2019-07-24,Dinner,417.8,8.8,4.5,0.0,1.2,0.0,0.0,420.0,0.0,34.3,3.9,18.9,47.9,0.0,108.0,0.0,0.0,
2019-07-24,Snacks,398.3,6.6,1.5,0.5,0.2,0.0,0.0,42.0,493.0,60.1,7.8,16.7,28.5,1.0,9.0,1.6,3.2,
2019-07-25,Breakfast,618.8,24.0,7.9,0.7,2.5,0.0,0.0,172.0,345.0,73.8,6.3,25.6,24.0,101.0,1669.0,17.9,2.2,
2019-07-25,Lunch,365.6,10.4,3.4,0.3,2.9,0.0,0.0,513.2,30.2,31.0,1.8,6.9,36.4,0.0,1.8,11.7,0.1,
2019-07-25,Dinner,416.3,13.3,7.1,0.2,2.3,0.0,0.0,351.4,0.0,31.2,7.4,7.6,44.5,0.0,0.0,0.0,0.0,
2019-07-25,Snacks,325.0,8.0,4.3,0.0,0.0,0.2,17.9,72.4,148.0,40.7,3.3,24.3,28.6,1.0,8.0,1.0,1.0,
2019-07-26,Breakfast,513.2,25.8,13.8,0.7,0.7,0.0,330.0,661.4,563.0,31.7,7.8,13.9,37.9,108.0,1668.0,21.9,25.2,
2019-07-26,Lunch,475.8,16.7,4.0,1.5,3.6,0.0,0.0,433.2,145.5,39.5,6.6,6.6,38.7,6.8,124.4,4.0,2.1,
2019-07-26,Dinner,418.5,24.0,11.5,0.6,5.0,0.0,0.0,40.5,0.0,9.1,3.3,5.8,41.0,45.5,128.1,11.9,9.8,
2019-07-26,Snacks,550.9,9.7,2.0,0.5,0.2,0.0,0.0,472.9,563.7,91.2,9.2,30.2,31.0,1.0,9.0,24.7,13.6,
2019-07-27,Breakfast,401.1,14.1,5.7,0.7,0.7,0.0,330.0,546.4,563.0,20.7,7.7,4.7,44.9,108.0,1668.0,4.6,25.2,
2019-07-27,Lunch,491.2,17.5,5.1,1.8,7.0,0.0,26.5,1385.6,78.4,52.4,5.4,6.7,30.4,48.8,165.9,3.8,9.2,
2019-07-27,Dinner,636.5,27.4,4.6,2.2,8.3,0.0,0.0,65.1,9.2,30.4,7.8,10.7,44.7,45.5,134.7,11.9,9.8,
2019-07-27,Snacks,473.9,9.0,1.7,0.2,0.2,0.0,0.0,430.9,70.7,72.2,5.9,15.9,30.2,0.0,0.0,23.1,10.4,
2019-07-28,Breakfast,513.6,15.9,6.0,2.1,4.9,0.0,0.0,367.4,354.2,55.0,9.1,21.2,25.0,100.0,1674.6,0.6,2.2,
2019-07-28,Lunch,569.6,14.2,2.5,1.6,6.3,0.0,0.0,1175.7,721.7,44.1,13.1,14.6,65.4,47.0,194.0,5.5,5.1,
2019-07-28,Dinner,408.6,21.0,6.8,1.5,9.9,0.0,37.0,332.8,154.7,17.8,6.1,9.7,34.8,98.5,163.8,13.9,12.1,
2019-07-28,Snacks,761.6,24.9,11.8,1.5,6.4,0.0,71.7,336.5,452.8,123.6,5.9,79.8,10.6,31.2,5.8,68.5,50.6,
2019-07-29,Breakfast,324.1,13.6,5.6,0.4,0.6,0.0,330.0,428.4,563.0,10.2,1.7,2.2,40.1,108.0,1668.0,4.6,25.2,
2019-07-29,Lunch,470.1,10.7,3.6,1.0,1.6,0.0,124.0,839.5,1453.2,31.8,7.6,5.7,63.2,55.7,64.3,24.4,26.2,
2019-07-29,Dinner,334.1,21.0,3.4,0.6,5.0,0.0,0.0,40.5,0.0,6.1,3.9,6.0,28.0,45.5,128.1,11.9,9.8,
2019-07-29,Snacks,590.3,11.6,2.7,1.6,3.3,0.0,0.0,455.5,227.9,81.3,10.0,39.3,41.7,1.0,14.6,24.1,11.4,
2019-07-30,Breakfast,493.2,14.0,1.9,0.4,0.1,0.0,0.0,157.6,450.9,68.1,9.1,25.8,23.3,100.0,1669.2,17.9,2.3,
2019-07-30,Lunch,547.5,19.6,5.6,1.5,3.6,0.0,0.0,433.2,145.5,40.1,6.6,6.9,49.7,6.8,124.4,4.0,2.1,
2019-07-30,Dinner,477.8,13.5,5.7,0.9,4.9,0.0,37.0,309.8,988.0,51.0,8.8,23.9,36.1,53.0,173.7,3.7,8.1,
2019-07-30,Snacks,358.6,5.3,1.5,0.0,0.0,0.0,0.0,430.9,218.7,61.7,4.7,29.7,24.6,1.0,8.0,24.1,11.4,
2019-07-31,Breakfast,505.5,28.8,17.0,0.6,0.6,0.0,330.0,499.2,563.0,18.2,5.3,2.9,41.9,108.0,1668.0,4.6,25.2,
2019-07-31,Lunch,365.6,10.4,3.4,0.3,2.9,0.0,0.0,513.2,30.2,31.0,1.8,6.9,36.4,0.0,1.8,11.7,0.1,
2019-07-31,Dinner,373.1,3.2,1.2,0.1,0.0,0.0,0.0,43.1,1186.6,43.6,8.6,21.3,40.9,9.8,293.7,16.9,8.4,
2019-07-31,Snacks,462.9,8.0,1.5,0.2,0.2,0.0,0.0,150.9,218.7,75.4,8.8,29.8,29.0,1.0,8.0,24.1,11.4,
2019-08-01,Breakfast,350.1,18.2,7.8,0.9,3.0,0.0,348.5,574.5,640.4,15.2,2.8,3.3,30.9,134.5,1685.8,5.6,26.3,
2019-08-01,Lunch,409.1,8.0,2.2,0.7,1.6,0.0,124.0,838.7,1339.9,23.6,3.7,3.3,60.2,55.2,31.5,22.5,23.3,
2019-08-01,Dinner,475.7,16.7,4.0,1.9,4.0,0.0,0.0,437.5,189.9,39.5,7.7,6.4,38.7,6.8,124.4,4.6,3.2,
2019-08-01,Snacks,770.7,26.3,11.3,1.9,6.1,0.2,17.9,833.0,157.2,97.6,9.2,45.4,40.4,1.0,14.6,23.5,1.0,
2019-08-02,Breakfast,516.1,18.4,2.8,2.5,1.7,0.0,0.0,157.0,345.0,60.2,5.1,22.8,25.5,100.0,1669.0,17.9,2.2,
2019-08-02,Lunch,377.5,10.5,3.4,0.3,2.9,0.0,0.0,513.2,30.2,33.3,1.9,6.9,36.7,0.0,1.8,11.7,0.1,
2019-08-02,Dinner,1810.8,81.6,8.5,0.0,0.0,0.0,0.0,745.5,833.3,202.9,25.3,9.3,77.7,0.0,30.0,1.7,5.8,
2019-08-02,Snacks,707.9,18.3,7.7,1.6,4.8,0.0,35.8,256.0,414.3,100.2,9.4,67.5,35.7,16.6,14.2,46.8,31.5,
2019-08-03,Breakfast,365.6,14.2,5.9,0.4,0.6,0.0,330.0,428.4,563.0,10.5,1.7,2.5,48.6,108.0,1668.0,4.6,25.2,
2019-08-03,Lunch,530.6,13.7,2.5,1.3,6.3,0.0,0.0,1174.9,608.4,35.1,8.2,11.3,64.5,46.5,161.2,3.6,2.2,
2019-08-03,Dinner,391.7,6.6,2.0,1.2,2.0,0.0,0.0,129.5,833.3,35.9,2.5,3.2,32.5,0.0,30.0,1.7,5.8,
2019-08-03,Snacks,418.4,8.4,2.1,0.8,1.6,0.0,0.0,443.2,75.3,57.3,4.0,20.2,33.1,0.0,3.3,23.1,10.4,
2019-08-04,Breakfast,389.4,15.9,2.6,2.4,1.6,0.0,0.0,157.0,345.0,43.1,2.4,23.7,17.3,100.0,1669.0,17.9,2.2,
2019-08-04,Lunch,491.2,17.5,5.1,1.8,7.0,0.0,26.5,1385.6,78.4,52.4,5.4,6.7,30.4,48.8,165.9,3.8,9.2,
2019-08-04,Dinner,669.2,23.5,9.1,2.6,9.3,0.0,0.0,484.4,497.3,43.2,11.4,27.6,65.1,39.6,358.0,4.7,4.6,
2019-08-04,Snacks,182.6,3.5,0.5,0.0,0.0,0.0,0.0,430.9,70.7,40.7,1.4,13.5,3.2,0.0,0.0,23.1,10.4,
2019-08-05,Breakfast,310.5,10.8,3.9,0.0,0.0,0.0,330.0,385.0,218.0,10.3,1.7,2.3,42.7,108.0,1667.0,4.0,23.0,
2019-08-05,Lunch,377.5,10.5,3.4,0.3,2.9,0.0,0.0,513.2,30.2,33.3,1.9,6.9,36.7,0.0,1.8,11.7,0.1,
2019-08-05,Dinner,312.1,28.3,2.4,2.0,10.1,0.0,45.0,18.5,1134.5,11.8,4.2,7.7,34.5,80.3,413.6,4.0,9.2,
2019-08-05,Snacks,891.3,21.0,8.0,1.6,4.8,0.0,35.8,815.1,343.6,139.1,9.4,68.2,39.3,16.6,14.2,46.2,21.1,
2019-08-06,Breakfast,371.8,15.8,2.6,2.4,1.6,0.0,0.0,157.0,345.0,39.5,2.4,20.1,16.9,0.0,1669.0,17.9,2.2,
2019-08-06,Lunch,420.9,13.0,2.4,1.3,6.3,0.0,0.0,1198.0,829.6,21.2,6.4,12.0,56.2,54.9,264.8,6.4,4.3,
2019-08-06,Dinner,439.1,10.5,3.4,0.7,3.3,0.0,0.0,518.0,79.1,33.3,3.1,6.7,36.7,0.0,1.8,12.3,1.3,
2019-08-06,Snacks,620.3,12.0,2.7,1.6,3.3,0.0,0.0,455.5,227.9,90.9,10.0,39.3,42.4,1.0,14.6,24.1,11.4,
2019-08-07,Breakfast,530.8,28.6,16.7,0.7,0.7,0.0,330.0,546.4,563.0,22.3,7.7,3.9,43.3,108.0,1668.0,4.6,25.2,
2019-08-07,Lunch,401.9,4.6,1.2,0.0,0.0,0.0,0.0,0.1,0.0,48.6,7.6,16.7,38.7,0.0,108.0,0.0,0.0,
2019-08-07,Dinner,458.3,13.7,3.9,1.6,6.0,0.0,0.0,438.5,176.7,30.9,3.6,7.6,50.4,27.6,98.7,0.7,1.6,
2019-08-07,Snacks,721.3,26.4,11.5,1.9,6.1,0.2,17.9,973.9,79.9,79.2,6.9,31.4,40.4,0.0,6.6,23.1,10.4,
2019-08-08,Breakfast,375.6,13.6,5.6,0.7,0.7,0.0,330.0,546.4,563.0,20.5,7.7,4.5,39.6,108.0,1668.0,4.6,25.2,
2019-08-08,Lunch,492.7,22.5,5.1,0.8,1.7,0.0,45.0,23.9,790.2,51.2,5.9,15.5,48.2,9.4,213.6,4.8,6.1,
2019-08-08,Dinner,430.0,24.4,4.2,6.0,13.6,0.0,0.0,10.0,0.0,27.8,1.2,2.4,24.0,0.0,0.0,0.0,0.0,
2019-08-08,Snacks,692.8,20.3,7.3,2.4,6.5,0.0,35.8,268.3,270.9,103.4,8.8,56.1,23.9,15.6,9.5,45.8,30.5,
2019-08-09,Breakfast,435.5,12.8,3.4,0.3,0.0,0.0,0.0,162.0,345.0,44.1,1.9,24.5,35.2,100.0,1669.0,18.6,2.2,
2019-08-09,Lunch,491.2,17.5,5.1,1.8,7.0,0.0,26.5,1385.6,78.4,52.4,5.4,6.7,30.4,48.8,165.9,3.8,9.2,
2019-08-09,Dinner,458.3,13.7,3.9,1.6,6.0,0.0,0.0,438.5,176.7,30.9,3.6,7.6,50.4,27.6,98.7,0.7,1.6,
2019-08-09,Snacks,621.7,20.9,8.1,1.9,6.1,0.0,0.0,900.6,9.2,76.4,6.1,23.2,34.3,0.0,6.6,22.5,0.0,
2019-08-10,Breakfast,484.7,15.9,6.9,0.7,0.1,0.0,330.0,744.3,563.0,35.3,12.3,6.6,44.7,108.0,1668.0,4.6,25.2,
2019-08-12,Breakfast,475.2,24.8,14.1,0.6,0.1,0.0,330.0,565.1,563.0,21.8,7.7,3.9,38.2,108.0,1668.0,4.6,25.2,
2019-08-12,Lunch,456.6,9.3,2.5,0.7,1.6,0.0,124.0,844.3,727.8,24.2,5.4,2.4,69.0,63.6,105.1,23.6,19.6,
2019-08-12,Dinner,458.7,19.1,1.9,3.4,11.8,0.0,0.0,591.6,0.0,45.0,14.2,13.6,26.0,45.5,128.1,11.9,9.8,
2019-08-12,Snacks,534.9,9.4,1.7,0.2,0.2,0.0,0.0,480.9,218.7,86.0,9.2,34.6,30.1,1.0,8.0,31.6,11.4,
2019-08-13,Breakfast,333.8,10.7,1.7,0.3,0.0,0.0,0.0,144.8,457.0,42.6,6.0,23.6,14.5,0.0,1694.9,17.0,5.0,
2019-08-13,Lunch,535.1,25.9,4.5,6.0,13.6,0.0,0.0,313.1,221.2,48.5,3.4,4.0,27.6,8.4,103.6,2.8,2.1,
2019-08-13,Dinner,602.0,24.5,6.8,2.2,11.0,0.0,0.0,883.1,176.7,45.0,7.4,14.3,48.1,27.6,98.7,0.7,1.6,
2019-08-13,Snacks,517.1,8.9,2.2,1.6,3.3,0.0,0.0,24.6,157.2,59.8,8.6,25.8,39.9,1.0,14.6,1.0,1.0,
2019-08-14,Breakfast,439.8,14.4,5.9,0.6,0.1,0.0,330.0,612.6,563.0,25.0,8.3,5.1,49.0,108.0,1668.0,4.6,25.2,
2019-08-14,Lunch,526.7,17.3,4.0,1.8,3.6,0.0,0.0,434.0,258.8,50.8,11.6,9.9,39.9,7.3,157.2,5.9,5.0,
2019-08-14,Dinner,456.8,18.3,1.9,3.4,11.8,0.0,0.0,590.5,0.0,30.2,5.9,8.1,24.5,45.5,128.1,11.9,9.8,
2019-08-14,Snacks,535.3,11.0,1.7,1.6,3.3,0.0,0.0,505.5,227.9,93.3,10.0,41.8,21.6,1.0,14.6,31.6,11.4,
2019-08-15,Breakfast,462.1,22.5,12.7,0.5,0.0,0.0,330.0,568.9,563.0,23.9,7.1,3.7,38.3,108.0,1668.0,4.6,25.2,
2019-08-15,Lunch,573.8,14.9,2.7,1.6,6.3,0.0,0.0,1255.8,721.7,48.5,11.5,14.7,61.1,264.0,194.0,22.5,5.1,
2019-08-15,Dinner,256.0,13.8,2.5,0.0,0.0,0.0,0.0,33.0,316.0,3.1,2.5,1.6,28.5,12.0,148.0,4.0,3.0,
2019-08-15,Snacks,284.6,5.3,0.7,0.0,0.0,0.0,0.0,760.9,70.7,60.9,1.8,18.3,5.0,0.0,0.0,30.6,10.4,
2019-08-16,Breakfast,402.4,11.9,4.4,0.5,0.0,0.0,330.0,568.9,563.0,22.9,7.1,4.6,48.0,108.0,1668.0,4.6,25.2,
2019-08-16,Lunch,500.6,17.6,7.8,0.8,4.6,0.0,0.0,514.6,143.5,40.7,6.7,10.2,45.6,0.5,34.6,13.6,3.0,
2019-08-16,Dinner,374.4,13.5,4.1,1.6,6.0,0.0,0.0,471.5,492.7,14.3,6.1,9.2,46.1,39.6,246.7,4.7,4.6,
2019-08-16,Snacks,513.7,10.8,1.7,1.6,3.3,0.0,0.0,505.5,79.9,74.3,6.7,27.5,21.2,0.0,6.6,30.6,10.4,
2019-08-17,Breakfast,381.4,13.9,3.4,0.3,0.0,0.0,0.0,285.6,345.0,41.7,2.1,15.9,14.9,100.0,1668.0,11.9,2.2,
2019-08-17,Lunch,569.7,17.1,4.7,1.4,7.2,0.0,0.0,1175.2,608.4,34.3,8.0,11.3,68.0,46.5,161.2,3.6,2.2,
2019-08-17,Snacks,569.3,12.4,2.7,1.6,3.3,0.0,0.0,505.5,79.9,76.3,6.7,29.4,42.2,0.0,6.6,30.6,10.4,
2019-08-19,Breakfast,485.6,24.1,13.5,0.6,0.1,0.0,330.0,612.6,563.0,25.8,8.3,4.2,38.0,108.0,1668.0,4.6,25.2,
2019-08-19,Lunch,530.6,13.7,2.5,1.3,6.3,0.0,0.0,1174.9,608.4,35.1,8.2,11.3,64.5,46.5,161.2,3.6,2.2,
2019-08-19,Dinner,453.3,14.9,2.6,0.4,0.4,0.0,0.0,4.4,44.4,29.6,5.7,2.1,31.8,0.0,0.0,0.6,1.1,
2019-08-19,Snacks,635.7,13.0,2.9,1.9,3.3,0.0,0.0,546.6,502.2,93.0,9.2,43.6,42.7,1.0,15.6,31.6,3.2,
2019-08-20,Breakfast,382.9,13.7,3.3,0.3,0.0,0.0,0.0,286.0,457.0,43.0,6.2,15.3,15.2,0.0,1693.9,13.3,5.0,
2019-08-20,Lunch,413.6,13.8,5.6,0.4,3.8,0.0,0.0,513.5,30.2,31.4,1.8,6.9,40.6,0.0,1.8,11.7,0.1,
2019-08-20,Dinner,458.3,13.7,3.9,1.6,6.0,0.0,0.0,438.5,176.7,30.9,3.6,7.6,50.4,27.6,98.7,0.7,1.6,
2019-08-20,Snacks,241.4,4.0,0.4,0.0,0.0,0.0,0.0,480.0,0.0,42.8,0.6,17.8,3.1,0.0,0.0,30.0,0.0,
2019-08-21,Breakfast,377.6,11.3,4.2,0.6,0.1,0.0,330.0,592.5,563.0,24.7,8.3,4.8,40.7,108.0,1668.0,4.6,25.2,
2019-08-21,Lunch,495.5,14.9,6.1,0.9,4.9,0.0,37.0,372.4,154.7,48.5,6.9,17.9,38.8,270.0,143.7,19.0,2.3,
2019-08-21,Dinner,403.4,18.2,1.8,3.4,11.8,0.0,0.0,552.6,0.0,37.6,8.3,10.4,22.9,0.0,0.0,0.0,0.0,
2019-08-21,Snacks,626.1,12.5,1.9,1.6,3.3,0.0,0.0,924.6,9.2,95.7,6.5,28.0,23.3,0.0,6.6,30.0,0.0,
2019-08-22,Breakfast,437.8,20.5,7.8,0.5,2.3,0.0,0.0,132.0,345.0,42.7,1.8,21.6,18.9,101.0,1669.0,11.9,2.2,
2019-08-22,Lunch,453.1,16.0,9.6,0.4,3.4,0.0,0.0,47.5,833.3,30.5,4.1,2.6,49.0,214.1,170.0,9.9,12.4,
2019-08-22,Dinner,438.2,12.3,1.1,0.4,1.5,0.0,0.0,754.8,78.3,52.9,5.4,6.1,30.2,48.8,165.9,2.0,7.4,
2019-08-22,Snacks,263.0,4.2,0.4,0.0,0.0,0.0,0.0,480.0,148.0,61.8,3.9,32.1,3.5,1.0,8.0,31.0,1.0,
2019-08-23,Breakfast,448.2,21.6,12.0,0.5,0.0,0.0,330.0,568.9,563.0,23.7,7.1,3.7,37.0,108.0,1668.0,4.6,25.2,
2019-08-23,Lunch,530.6,13.7,2.5,1.3,6.3,0.0,0.0,1174.9,608.4,35.1,8.2,11.3,64.5,46.5,161.2,3.6,2.2,
2019-08-23,Dinner,649.3,28.3,11.3,1.7,11.6,0.0,37.0,592.4,988.0,54.2,6.8,11.0,44.5,53.0,65.7,3.7,8.1,
2019-08-23,Snacks,498.3,9.6,2.4,1.6,3.3,0.0,0.0,75.5,227.9,66.5,9.5,30.3,40.4,1.0,14.6,9.1,11.4,
2019-10-07,Breakfast,348.8,11.0,4.1,0.5,0.0,0.0,330.0,568.9,563.0,22.5,7.1,4.2,36.9,108.0,1668.0,4.6,25.2,
2019-10-07,Snacks,432.3,7.3,1.3,0.2,0.2,0.0,0.0,100.0,148.0,68.8,7.9,25.4,28.5,1.0,8.0,16.0,1.0,
2019-10-14,Breakfast,277.9,7.2,1.5,1.9,3.4,0.0,0.0,66.6,354.2,31.5,5.7,12.0,18.4,100.0,1674.6,0.6,2.2,
2019-10-14,Lunch,629.0,13.5,2.5,1.3,6.3,0.0,0.0,1181.3,608.4,61.9,12.1,11.6,60.9,46.5,161.2,3.6,2.2,
2019-10-14,Snacks,413.3,7.9,1.5,0.2,0.2,0.0,0.0,380.0,0.0,56.0,5.0,11.5,29.0,0.0,0.0,15.0,0.0,
2019-10-16,Breakfast,467.0,22.3,12.6,0.5,0.0,0.0,330.0,580.7,563.0,24.9,7.7,3.9,38.5,108.0,1668.0,4.6,25.2,
2019-10-16,Lunch,437.0,11.1,3.5,0.3,2.9,0.0,0.0,513.3,30.2,44.7,2.4,7.1,38.4,0.0,1.8,11.7,0.1,
2019-10-16,Dinner,394.1,17.9,2.1,3.3,10.9,0.0,0.0,40.5,0.0,30.1,5.3,7.9,23.8,45.5,128.1,11.9,9.8,
2019-10-16,Snacks,415.9,7.6,0.9,0.8,1.7,0.0,0.0,312.3,152.6,70.5,6.4,46.4,11.3,1.0,11.3,46.0,1.0,
2019-10-21,Breakfast,364.2,11.1,4.1,0.6,0.1,0.0,330.0,592.5,563.0,24.6,8.3,4.7,37.9,108.0,1668.0,4.6,25.2,
2019-10-21,Lunch,365.6,10.4,3.4,0.3,2.9,0.0,0.0,513.2,30.2,31.0,1.8,6.9,36.4,0.0,1.8,11.7,0.1,
2019-10-21,Dinner,434.4,6.6,2.5,0.1,2.6,0.0,0.0,1.3,0.0,28.0,5.5,27.3,31.2,0.0,108.0,0.0,0.0,
2019-10-21,Snacks,404.0,8.7,1.5,0.2,0.2,0.0,0.0,300.0,0.0,61.3,3.9,28.4,27.7,0.0,0.0,45.0,0.0,
2019-10-22,Breakfast,277.9,7.2,1.5,1.9,3.4,0.0,0.0,66.6,354.2,31.5,5.7,12.0,18.4,100.0,1674.6,0.6,2.2,
2019-10-22,Lunch,627.3,34.3,9.6,6.1,6.2,0.0,0.0,140.8,0.0,45.2,3.8,1.5,36.0,0.0,0.0,0.0,0.0,
2019-10-22,Dinner,365.5,10.4,3.4,0.7,3.3,0.0,0.0,517.5,74.6,31.0,2.9,6.7,36.4,0.0,1.8,12.3,1.2,
2019-10-22,Snacks,263.0,4.2,0.4,0.0,0.0,0.0,0.0,480.0,148.0,61.8,3.9,32.1,3.5,1.0,8.0,31.0,1.0,
2019-10-23,Breakfast,328.7,10.7,4.0,0.5,0.0,0.0,330.0,568.9,563.0,22.4,7.1,4.1,32.8,108.0,1668.0,4.6,25.2,
2019-10-23,Lunch,448.3,6.8,2.6,0.1,2.6,0.0,0.0,6.9,0.0,44.4,6.6,4.7,33.2,0.0,0.0,0.0,0.0,
2019-10-23,Dinner,421.5,13.1,8.0,0.4,2.8,0.0,0.0,18.0,926.0,38.9,3.8,2.7,38.9,0.0,27.0,2.0,10.0,
2019-10-23,Snacks,474.5,18.9,2.9,1.8,10.6,0.0,0.0,224.6,9.2,59.1,6.7,29.7,20.5,0.0,6.6,30.0,0.0,
2019-10-24,Breakfast,379.1,17.0,8.8,0.5,0.0,0.0,330.0,568.9,563.0,23.1,7.1,3.7,30.6,108.0,1668.0,4.6,25.2,
2019-10-24,Lunch,451.6,11.0,3.6,0.3,2.9,0.0,0.0,593.2,30.2,45.0,5.5,20.7,40.8,217.0,109.8,28.7,0.1,
2019-10-24,Dinner,515.0,26.2,7.7,5.7,1.7,0.0,0.0,157.6,926.0,38.2,3.8,2.0,33.3,0.0,27.0,2.0,10.0,
2019-10-24,Snacks,300.0,4.2,0.4,0.0,0.0,0.0,0.0,480.0,148.0,61.8,3.9,32.1,3.5,1.0,8.0,31.0,1.0,
2019-10-25,Breakfast,392.3,16.9,8.6,0.0,0.0,0.0,330.0,745.0,316.0,28.3,4.6,3.4,30.5,108.0,1667.0,4.0,38.0,
2019-10-25,Snacks,452.9,9.7,1.4,1.6,3.4,0.0,0.0,224.6,157.2,77.5,9.2,43.7,19.9,1.0,14.6,31.0,1.0,
2019-11-03,Breakfast,272.2,5.4,0.6,0.5,0.2,0.0,0.0,117.0,345.0,48.2,4.6,18.7,7.1,100.0,1668.0,11.9,2.2,
2019-11-03,Lunch,476.2,16.8,3.7,1.6,8.0,0.0,124.0,822.0,506.6,13.1,5.6,1.5,66.3,55.2,1.5,20.8,17.5,
2019-11-03,Dinner,651.6,15.5,4.1,1.8,6.0,0.0,0.0,1267.0,829.6,59.1,11.0,26.6,67.5,54.9,372.8,6.4,4.3,
2019-11-03,Snacks,110.0,2.8,0.2,0.0,0.0,0.0,0.0,200.0,0.0,27.0,0.2,17.4,1.5,0.0,0.0,30.0,0.0,
2019-11-04,Breakfast,355.5,11.1,4.1,0.5,0.0,0.0,330.0,568.9,563.0,22.6,7.1,4.3,38.3,108.0,1668.0,4.6,25.2,
2019-11-04,Lunch,296.2,7.3,1.2,0.7,2.4,0.3,27.0,90.5,451.6,16.3,7.2,2.0,38.8,10.2,105.4,4.6,5.7,
2019-11-04,Dinner,541.2,16.4,6.3,1.3,6.8,0.0,76.5,67.2,230.4,44.9,8.4,16.3,47.8,0.4,108.0,1.4,5.2,
2019-11-04,Snacks,517.0,8.9,1.6,0.2,0.2,0.0,0.0,480.0,148.0,87.4,7.5,34.4,29.3,1.0,8.0,31.0,1.0,
2019-11-05,Breakfast,455.9,21.6,12.0,0.5,0.0,0.0,330.0,580.7,563.0,24.8,7.7,3.9,37.5,108.0,1668.0,4.6,25.2,
2019-11-05,Lunch,565.9,14.5,3.9,1.9,6.1,0.0,0.0,1251.1,608.4,44.9,6.2,11.1,62.7,46.5,161.2,3.6,2.2,
2019-11-05,Dinner,485.3,10.6,1.2,2.8,5.9,0.0,0.0,42.8,1292.1,71.7,7.6,5.4,27.0,8.4,134.8,5.1,13.7,
2019-11-05,Snacks,192.0,4.0,0.4,0.0,0.0,0.0,0.0,480.0,0.0,42.8,0.6,17.8,3.1,0.0,0.0,30.0,0.0,
2019-11-06,Breakfast,452.9,23.5,5.0,4.0,8.9,0.0,330.0,162.8,465.0,29.5,5.4,3.2,26.2,108.0,1668.0,4.6,10.2,
2019-11-06,Lunch,514.0,9.4,2.5,0.8,1.7,0.0,124.0,828.4,506.6,38.8,5.8,2.6,67.5,55.2,1.5,20.8,17.5,
2019-11-06,Dinner,571.1,25.8,9.8,0.9,10.5,0.0,110.1,480.3,513.3,38.8,7.2,7.2,46.1,8.4,103.6,2.8,23.3,
2019-11-06,Snacks,324.0,6.3,1.3,0.2,0.2,0.0,0.0,100.0,0.0,43.9,3.7,11.0,26.9,0.0,0.0,15.0,0.0,
2019-11-07,Breakfast,386.7,12.1,3.8,0.6,0.0,0.2,350.1,630.3,734.5,23.1,7.7,3.9,41.6,109.3,1669.3,5.9,27.9,
2019-11-07,Lunch,433.5,9.1,1.2,0.7,4.1,0.3,30.0,104.3,477.2,46.6,6.3,14.9,39.4,10.4,213.6,4.8,6.1,
2019-11-07,Dinner,573.6,20.3,11.2,0.4,3.8,0.0,0.0,478.4,0.0,44.9,5.5,4.7,52.5,0.0,0.0,0.0,0.0,
2019-11-07,Snacks,223.0,3.0,0.3,0.0,0.0,0.0,0.0,380.0,148.0,53.1,3.8,23.4,3.1,1.0,8.0,16.0,1.0,
2019-11-08,Breakfast,288.0,5.3,0.6,0.5,0.2,0.0,0.0,117.0,543.0,51.5,8.4,22.3,7.2,104.6,1671.3,13.2,3.5,
2019-11-08,Lunch,365.6,10.4,3.4,0.3,2.9,0.0,0.0,513.2,30.2,31.0,1.8,6.9,36.4,0.0,1.8,11.7,0.1,
2019-11-08,Dinner,438.2,12.3,1.1,0.4,1.5,0.0,0.0,754.8,78.3,52.9,5.4,6.1,30.2,48.8,165.9,2.0,7.4,
2019-11-08,Snacks,223.0,3.0,0.3,0.0,0.0,0.0,0.0,380.0,148.0,53.1,3.8,23.4,3.1,1.0,8.0,16.0,1.0,
2019-11-09,Breakfast,621.5,30.2,11.0,3.7,6.5,0.0,330.0,590.2,563.0,43.4,7.8,6.4,38.7,8.0,1668.0,4.6,25.2,
2019-11-09,Lunch,68.0,0.0,0.0,0.0,0.0,0.0,0.0,0.0,0.0,13.6,2.7,13.6,1.8,0.0,108.0,0.0,0.0,
2019-11-09,Dinner,451.6,9.4,2.5,1.1,2.0,0.0,124.0,848.7,772.2,29.4,4.1,2.1,62.8,63.6,105.1,24.2,20.7,
2019-11-09,Snacks,141.0,1.8,0.1,0.0,0.0,0.0,0.0,100.0,148.0,37.3,3.4,23.0,1.5,1.0,8.0,16.0,1.0,
2019-11-10,Breakfast,216.0,7.4,3.8,0.3,0.0,0.0,0.0,373.2,345.0,25.7,3.6,7.0,7.0,100.0,1668.0,0.6,2.2,
2019-11-10,Lunch,551.6,20.9,3.3,5.4,0.0,0.0,0.0,163.1,221.2,62.8,8.3,16.3,29.0,8.4,211.6,2.8,2.1,
2019-11-10,Dinner,347.4,10.2,4.2,0.5,3.2,0.0,0.0,327.2,76.7,47.0,5.5,7.7,15.2,0.0,0.0,0.0,0.0,
2019-11-10,Snacks,110.0,2.8,0.2,0.0,0.0,0.0,0.0,200.0,0.0,27.0,0.2,17.4,1.5,0.0,0.0,30.0,0.0,
2019-11-11,Breakfast,314.6,10.9,4.1,0.5,0.0,0.0,330.0,268.2,465.0,10.3,5.4,3.0,41.4,108.0,1668.0,4.6,10.2,
2019-11-11,Lunch,632.8,15.0,3.9,1.8,6.0,0.0,0.0,1249.5,608.4,56.7,11.0,11.7,64.0,46.5,161.2,3.6,2.2,
2019-11-11,Dinner,450.6,23.1,4.0,5.9,2.4,0.0,0.0,140.8,0.0,25.5,8.1,14.4,31.4,0.0,108.0,0.0,0.0,
2019-11-11,Snacks,192.0,4.0,0.4,0.0,0.0,0.0,0.0,480.0,0.0,42.8,0.6,17.8,3.1,0.0,0.0,30.0,0.0,
2019-11-17,Breakfast,346.3,6.8,0.7,0.5,0.2,0.0,0.0,207.0,543.0,62.9,9.0,30.3,8.3,104.6,1671.3,26.7,3.5,
2019-11-17,Lunch,685.1,30.8,10.7,1.1,7.6,0.0,81.8,62.9,85.1,56.1,6.0,3.1,49.0,249.3,144.5,21.3,7.2,
2019-11-17,Dinner,448.3,6.8,2.6,0.1,2.6,0.0,0.0,6.9,0.0,44.4,6.6,4.7,33.2,0.0,0.0,0.0,0.0,
2019-11-17,Snacks,440.5,14.1,6.0,0.8,3.2,0.0,35.8,292.8,191.0,76.3,2.7,50.8,6.0,15.6,2.9,52.7,20.1,
2019-11-18,Breakfast,388.2,12.1,3.8,0.6,0.0,0.2,349.5,638.3,729.4,24.0,7.8,4.0,41.2,109.3,1669.3,5.9,27.8,
2019-11-18,Lunch,473.7,23.4,4.1,5.9,2.4,0.0,0.0,163.9,221.2,30.4,9.9,15.6,33.4,8.4,211.6,2.8,2.1,
2019-11-18,Dinner,608.4,12.1,3.1,1.4,4.8,0.0,0.0,1000.8,486.7,53.3,10.2,9.5,52.4,37.2,129.0,2.9,1.7,
2019-11-18,Snacks,489.8,9.7,1.5,1.4,2.5,0.0,0.0,579.1,5.5,83.7,8.1,39.2,20.8,0.0,6.6,30.0,0.0,
2019-11-19,Breakfast,401.5,11.8,4.3,0.5,0.0,0.0,330.0,590.2,563.0,24.8,7.8,4.8,45.9,108.0,1668.0,4.6,25.2,
2019-11-19,Lunch,286.4,9.6,4.1,0.5,3.2,0.0,0.0,47.2,76.7,31.7,6.8,7.8,16.1,0.0,0.0,0.0,12.0,
2019-11-19,Dinner,692.8,20.2,9.0,0.8,6.3,0.0,0.0,398.5,1092.8,68.7,8.6,21.4,59.3,18.6,204.4,2.8,12.5,
2019-11-19,Snacks,489.8,9.7,1.5,1.4,2.5,0.0,0.0,579.1,5.5,83.7,8.1,39.2,20.8,0.0,6.6,30.0,0.0,
2019-11-20,Breakfast,395.9,12.2,3.8,0.7,0.1,0.2,349.5,650.1,729.4,25.0,8.4,4.3,41.7,109.3,1669.3,5.9,27.8,
2019-11-20,Lunch,546.7,12.1,3.1,1.4,4.8,0.0,0.0,1000.8,486.7,53.3,10.2,9.5,52.4,37.2,129.0,2.9,1.7,
2019-11-20,Snacks,242.0,4.1,0.4,0.0,0.0,0.0,0.0,481.0,0.0,54.6,3.0,29.6,3.5,0.0,0.0,30.0,0.0,
2020-03-07,Breakfast,525.1,17.0,6.4,0.5,1.1,0.2,349.5,768.5,384.4,38.7,10.5,10.2,44.8,9.3,1.3,5.3,25.6,
2020-03-07,Lunch,592.2,12.3,3.2,1.4,4.8,0.0,0.0,995.2,486.7,64.5,3.6,11.0,54.2,37.2,129.0,2.9,1.7,
2020-03-07,Dinner,469.7,16.4,10.5,0.2,0.6,0.2,19.5,52.8,188.3,46.7,6.5,15.4,29.1,1.3,111.1,1.6,2.7,
2020-03-07,Snacks,251.0,4.0,0.4,0.0,0.0,0.0,0.0,480.0,0.0,42.8,0.6,17.8,3.1,0.0,0.0,30.0,0.0,
2020-03-08,Breakfast,379.7,8.8,3.3,0.4,1.0,0.2,19.5,447.7,166.4,35.2,9.0,9.2,31.1,1.3,1.3,1.3,2.6,
2020-03-08,Lunch,503.4,19.6,5.3,0.0,0.0,0.0,0.0,186.4,221.2,102.2,9.9,5.2,31.6,9.4,151.6,6.8,20.1,
2020-03-08,Dinner,581.1,16.8,5.8,1.4,4.3,0.0,0.0,537.8,78.5,67.4,2.0,7.9,36.8,23.3,79.3,0.3,0.8,
2020-03-08,Snacks,245.0,9.9,4.1,0.0,0.0,0.0,0.0,200.0,0.0,42.8,0.2,25.4,3.4,0.0,0.0,30.0,0.0,
2020-03-09,Breakfast,267.2,7.6,1.4,2.4,3.3,0.0,0.0,98.1,5.5,29.3,5.5,9.6,17.3,0.0,6.6,0.0,0.0,
2020-03-09,Lunch,508.9,18.8,10.7,0.4,0.6,0.4,39.0,100.9,354.7,33.1,3.8,1.8,47.4,2.6,4.4,2.9,5.3,
2020-03-09,Dinner,424.4,16.2,5.7,1.4,4.3,0.0,0.0,560.9,299.7,34.8,6.5,20.5,32.9,31.7,290.9,3.1,2.9,
2020-03-09,Snacks,364.0,10.4,2.3,1.8,3.0,0.0,0.0,442.0,0.2,49.8,0.2,18.3,25.4,0.0,0.0,30.0,0.0,
2020-03-10,Breakfast,479.1,24.4,12.5,0.5,0.0,0.0,330.0,628.2,563.0,28.2,8.2,5.0,33.3,8.0,1668.0,4.6,25.2,
2020-03-10,Lunch,575.9,24.2,6.0,0.6,3.3,0.0,0.0,196.6,497.9,109.0,13.2,7.0,34.1,49.6,156.8,57.8,19.8,
2020-03-10,Dinner,363.8,9.6,3.3,0.3,2.9,0.0,0.0,513.1,30.2,33.6,1.8,6.8,35.7,0.0,1.8,11.7,0.1,
2020-03-10,Snacks,269.0,9.4,2.0,1.8,3.0,0.0,0.0,368.0,0.0,48.3,0.2,18.3,5.4,0.0,0.0,30.0,0.0,
2020-03-11,Breakfast,459.7,24.2,12.5,0.5,0.0,0.0,330.0,590.2,563.0,24.8,7.8,4.7,32.4,8.0,1668.0,4.6,25.2,
2020-03-11,Lunch,495.7,18.5,10.7,0.3,0.6,0.4,36.6,95.0,334.2,33.1,3.8,1.8,44.9,2.4,4.2,2.7,5.0,
2020-03-11,Dinner,453.4,10.0,5.5,0.1,0.0,0.0,0.0,176.1,1292.1,48.8,6.2,4.6,45.2,8.4,134.8,5.1,13.7,
2020-03-11,Snacks,338.6,7.6,1.2,1.2,1.7,0.0,0.0,323.1,2.9,43.1,3.0,22.2,30.1,0.0,3.3,30.0,0.0,
2020-03-12,Breakfast,267.2,7.6,1.4,2.4,3.3,0.0,0.0,98.1,5.5,29.3,5.5,9.6,17.3,0.0,1673.6,0.0,0.0,
2020-03-12,Lunch,448.3,6.8,2.6,0.1,2.6,0.0,0.0,6.9,0.0,44.4,6.6,4.7,33.2,0.0,0.0,0.0,0.0,
2020-03-12,Dinner,535.1,20.4,7.2,0.4,0.8,0.0,81.8,189.5,306.3,47.6,6.1,16.7,39.7,43.6,216.1,15.9,2.7,
2020-03-12,Snacks,646.9,14.3,3.4,1.8,3.0,0.0,0.0,796.0,0.4,67.8,0.6,19.4,68.9,0.0,0.0,30.0,0.0,
2020-03-13,Breakfast,412.9,12.7,3.8,0.7,0.0,0.2,354.0,649.4,767.8,24.0,7.8,4.0,45.8,9.6,1669.6,6.2,28.4,
2020-03-13,Lunch,400.0,14.2,6.0,0.6,3.3,0.0,0.0,196.6,497.9,75.7,12.1,8.0,46.7,49.6,156.8,57.8,19.8,
2020-03-13,Dinner,426.4,17.0,10.5,0.3,0.6,0.2,24.0,63.9,226.7,33.1,3.8,1.8,31.9,1.6,3.4,1.9,3.3,
2020-03-13,Snacks,433.6,8.6,1.5,1.2,1.7,0.0,0.0,397.1,3.1,44.6,3.0,22.2,50.1,0.0,3.3,30.0,0.0,
2020-03-14,Breakfast,585.2,29.4,15.3,0.6,1.0,0.0,330.0,731.6,563.0,36.8,9.6,10.5,35.5,8.0,1668.0,4.6,25.2,
2020-03-16,Breakfast,420.6,12.8,3.8,0.8,0.1,0.2,354.0,661.2,767.8,25.0,8.4,4.3,46.3,9.6,1669.6,6.2,28.4,
2020-03-16,Lunch,498.6,15.2,4.2,1.0,4.4,0.5,48.0,182.1,907.5,75.2,12.1,7.0,66.6,52.8,160.0,61.0,26.2,
2020-03-16,Dinner,486.1,9.7,3.8,0.1,1.2,0.0,0.0,464.9,30.2,31.5,2.1,4.7,52.6,0.0,1.8,0.3,0.1,
2020-03-16,Snacks,300.0,4.8,0.8,0.0,0.0,0.0,0.0,348.0,0.4,30.0,0.2,17.4,41.5,0.0,0.0,30.0,0.0,
2020-03-17,Breakfast,385.4,11.5,4.2,0.5,0.0,0.0,330.0,590.2,563.0,24.7,7.8,4.7,42.6,8.0,1668.0,4.6,25.2,
2020-03-17,Lunch,581.1,16.8,5.8,1.4,4.3,0.0,0.0,537.8,78.5,67.4,2.0,7.9,36.8,23.3,79.3,0.3,0.8,
2020-03-17,Dinner,483.0,9.8,3.9,0.1,1.2,0.0,0.0,464.9,30.2,44.2,2.6,4.8,54.0,0.0,1.8,0.3,0.1,
2020-03-17,Snacks,382.0,6.0,1.0,0.0,0.0,0.0,0.0,628.0,0.4,45.8,0.6,17.8,43.1,0.0,0.0,30.0,0.0,
2020-03-18,Breakfast,273.2,8.1,1.7,2.7,3.3,0.0,0.0,140.1,350.5,29.3,5.5,9.6,17.7,0.0,1674.6,0.6,2.2,
2020-03-18,Lunch,403.0,10.3,3.4,0.4,1.1,0.5,48.0,148.8,409.6,63.5,7.0,4.0,62.1,4.2,51.2,7.2,24.4,
2020-03-18,Dinner,561.8,7.0,2.7,0.1,2.6,0.0,0.0,1.3,0.0,69.2,2.7,19.8,36.8,0.0,108.0,0.0,0.0,
2020-03-18,Snacks,192.0,4.0,0.4,0.0,0.0,0.0,0.0,480.0,0.0,42.8,0.6,17.8,3.1,0.0,0.0,30.0,0.0,
2020-03-19,Breakfast,385.4,11.5,4.2,0.5,0.0,0.0,330.0,590.2,563.0,24.7,7.8,4.7,42.6,8.0,1668.0,4.6,25.2,
2020-03-19,Lunch,430.3,9.7,3.8,0.1,1.2,0.0,0.0,464.9,30.2,32.8,2.2,4.7,52.8,0.0,1.8,0.3,0.1,
2020-03-19,Dinner,537.3,10.8,3.6,0.5,1.1,0.5,48.0,161.6,1701.7,48.2,6.2,3.5,62.1,11.6,138.0,8.3,20.1,
2020-03-19,Snacks,375.0,5.1,0.8,0.0,0.0,0.0,0.0,348.0,0.4,45.0,0.2,17.4,43.3,0.0,0.0,30.0,0.0,
2020-03-23,Breakfast,379.4,11.0,3.9,0.2,0.0,0.0,330.0,548.2,218.0,24.7,7.8,4.7,42.2,8.0,1667.0,4.0,23.0,
2020-03-23,Lunch,581.1,16.8,5.8,1.4,4.3,0.0,0.0,537.8,78.5,67.4,2.0,7.9,36.8,23.3,79.3,0.3,0.8,
2020-03-23,Dinner,366.6,13.2,2.8,0.4,0.8,0.0,81.8,33.1,85.1,30.4,1.7,1.9,31.1,35.2,4.5,13.1,0.6,
2020-03-23,Snacks,192.0,4.0,0.4,0.0,0.0,0.0,0.0,480.0,0.0,42.8,0.6,17.8,3.1,0.0,0.0,30.0,0.0,
2020-03-24,Breakfast,349.7,12.3,4.4,2.5,4.5,0.0,0.0,105.6,5.5,36.6,5.5,12.2,19.9,0.5,1673.6,0.0,0.0,
2020-03-24,Lunch,640.2,17.1,3.9,0.2,1.1,0.0,0.0,20.1,1070.9,91.2,8.2,15.9,29.9,0.0,139.2,2.3,11.6,
2020-03-24,Dinner,587.8,27.2,13.3,0.7,3.8,0.0,330.0,1010.9,120.0,42.1,5.3,3.9,42.9,8.0,0.0,4.0,8.0,
2020-03-24,Snacks,160.0,2.9,0.2,0.0,0.0,0.0,0.0,201.0,0.0,38.8,2.6,29.2,1.9,0.0,0.0,30.0,0.0,
2020-03-25,Breakfast,424.1,17.4,4.5,3.3,3.9,0.0,0.0,87.5,348.0,50.3,8.3,17.3,13.1,0.5,0.0,15.9,0.0,
2020-03-26,Breakfast,432.9,17.1,6.5,1.1,3.5,0.0,330.0,1336.2,218.0,24.6,7.8,4.6,41.8,8.0,0.0,4.0,23.0,
2020-03-26,Lunch,508.2,12.6,1.0,0.1,0.0,0.0,0.0,19.7,1070.9,77.1,5.5,2.3,22.6,0.0,31.2,2.3,11.6,
2020-03-26,Dinner,457.2,16.4,5.7,1.4,4.3,0.0,0.0,537.8,78.5,41.8,2.0,6.8,32.9,23.3,79.3,0.3,0.8,
2020-03-26,Snacks,552.0,23.9,13.4,0.0,0.0,0.0,0.0,271.0,0.0,83.9,3.6,53.9,7.7,0.0,0.0,30.0,0.0,
2020-03-27,Breakfast,453.7,23.7,12.2,0.2,0.0,0.0,330.0,548.2,218.0,24.8,7.8,4.7,32.0,8.0,0.0,4.0,23.0,
2020-03-27,Lunch,430.3,9.7,3.8,0.1,1.2,0.0,0.0,464.9,30.2,32.8,2.2,4.7,52.8,0.0,1.8,0.3,0.1,
2020-03-27,Dinner,586.9,16.4,5.7,1.4,4.3,0.0,0.0,537.8,78.5,55.4,4.7,20.4,34.7,23.3,187.3,0.3,0.8,
2020-03-27,Snacks,243.6,6.6,0.9,1.2,1.7,0.0,0.0,249.1,2.7,41.6,3.0,22.2,10.1,0.0,3.3,30.0,0.0,
2020-03-29,Breakfast,485.1,16.5,6.4,0.5,2.5,0.0,0.0,247.9,348.0,63.1,9.2,22.8,13.6,0.5,0.0,15.9,0.0,
2020-03-29,Lunch,457.2,16.4,5.7,1.4,4.3,0.0,0.0,537.8,78.5,41.8,2.0,6.8,32.9,23.3,79.3,0.3,0.8,
2020-03-29,Dinner,456.1,29.2,27.0,0.0,0.0,0.0,0.0,13.0,21.9,41.3,8.4,4.5,10.0,0.0,1.8,0.3,0.1,
2020-03-29,Snacks,110.0,2.8,0.2,0.0,0.0,0.0,0.0,200.0,0.0,27.0,0.2,17.4,1.5,0.0,0.0,30.0,0.0,
2020-04-02,Breakfast,427.8,13.6,4.6,2.8,4.3,0.0,0.0,338.5,350.5,46.4,8.0,15.8,22.1,0.0,7.6,0.6,2.2,
2020-04-02,Lunch,526.2,10.6,3.9,0.1,1.2,0.0,0.0,944.9,30.2,49.9,2.7,6.6,57.4,0.0,1.8,0.3,0.1,
2020-04-02,Dinner,476.0,6.3,0.6,0.3,0.0,0.5,48.0,118.4,409.6,43.8,4.0,14.1,55.4,3.2,111.2,3.2,6.4,
2020-04-02,Snacks,211.5,3.0,0.2,0.2,0.1,0.0,0.0,201.8,206.5,54.1,5.7,34.8,2.1,1.8,7.7,46.0,0.3,
2020-04-03,Breakfast,473.1,23.9,12.2,0.2,0.0,0.0,330.0,586.2,218.0,28.2,8.2,5.0,32.9,8.0,0.0,4.0,23.0,
2020-04-03,Lunch,448.5,31.4,27.1,0.1,0.0,0.2,21.0,64.8,201.1,14.6,7.3,4.2,28.8,1.4,3.2,1.7,2.9,
2020-04-03,Dinner,547.2,16.8,7.8,0.7,2.8,0.4,45.0,126.7,1187.2,33.3,3.3,1.7,64.0,3.0,26.4,4.7,14.7,
2020-04-03,Snacks,293.5,4.2,0.4,0.2,0.1,0.0,0.0,481.8,206.5,69.9,6.1,35.2,3.7,1.8,7.7,46.0,0.3,
2020-04-04,Breakfast,319.2,7.7,1.4,2.4,3.3,0.0,0.0,165.1,5.5,37.1,6.7,17.0,17.5,0.0,6.6,0.0,0.0,
2020-04-04,Lunch,448.2,6.0,1.1,0.5,2.6,0.0,0.0,183.2,636.7,51.6,8.8,9.4,43.3,27.6,98.7,0.7,1.6,
2020-04-04,Dinner,451.2,13.9,6.7,0.2,4.0,0.0,31.0,283.9,383.3,33.0,5.0,19.3,29.8,0.0,108.0,0.0,0.0,
2020-04-04,Snacks,293.5,4.2,0.4,0.2,0.1,0.0,0.0,481.8,206.5,69.9,6.1,35.2,3.7,1.8,7.7,46.0,0.3,
2020-04-05,Breakfast,378.7,10.9,3.8,0.2,0.0,0.0,330.0,586.2,218.0,28.0,8.2,4.9,39.0,8.0,0.0,4.0,23.0,
2020-04-05,Lunch,448.2,6.0,1.1,0.5,2.6,0.0,0.0,183.2,636.7,51.6,8.8,9.4,43.3,27.6,98.7,0.7,1.6,
2020-04-05,Dinner,576.7,21.9,8.2,3.2,9.6,0.0,0.0,565.7,803.2,57.4,5.3,3.8,38.2,0.0,23.4,1.7,8.7,
2020-04-05,Snacks,293.5,4.2,0.4,0.2,0.1,0.0,0.0,481.8,206.5,69.9,6.1,35.2,3.7,1.8,7.7,46.0,0.3,
2020-04-06,Breakfast,318.7,6.9,2.3,0.2,0.0,0.0,165.0,526.2,158.0,28.0,8.2,4.9,33.0,4.0,0.0,2.0,19.0,
2020-04-06,Lunch,335.0,7.3,1.8,0.8,2.6,0.0,0.0,914.7,66.6,41.9,5.0,6.3,28.1,48.8,165.9,1.9,5.7,
2020-04-06,Dinner,516.3,6.8,2.6,0.1,2.6,0.0,0.0,6.9,0.0,58.0,9.3,18.3,35.0,0.0,108.0,0.0,0.0,
2020-04-06,Snacks,192.0,4.0,0.4,0.0,0.0,0.0,0.0,480.0,0.0,42.8,0.6,17.8,3.1,0.0,0.0,30.0,0.0,
2020-04-07,Breakfast,331.3,8.2,0.5,0.2,0.2,0.0,0.0,217.0,0.0,49.0,6.9,13.2,7.7,0.0,0.0,22.5,0.0,
2020-04-07,Lunch,653.8,28.8,15.5,1.2,8.1,0.0,42.7,444.4,513.2,52.0,3.9,15.3,46.0,0.7,0.0,6.4,4.5,
2020-04-07,Dinner,459.5,5.9,0.5,0.3,0.0,0.4,45.0,111.0,384.0,43.8,4.0,14.1,52.3,3.0,111.0,3.0,6.0,
2020-04-07,Snacks,364.3,7.7,1.9,0.7,1.3,0.0,11.7,639.5,129.9,74.2,2.2,27.4,7.3,0.7,0.0,36.4,4.5,
2020-04-08,Breakfast,368.9,10.5,3.6,0.0,0.0,0.0,330.0,751.8,218.0,29.7,6.1,6.8,36.6,8.0,0.0,4.0,23.0,
2020-04-08,Lunch,898.5,47.5,30.9,3.9,6.0,0.4,45.0,460.0,405.9,57.2,7.3,6.0,61.4,3.0,4.8,3.3,6.1,
2020-04-08,Dinner,701.8,24.2,9.7,3.3,10.2,0.0,0.0,575.8,1338.7,79.0,7.5,5.0,43.5,0.0,39.0,2.9,14.5,
2020-04-08,Snacks,110.0,2.8,0.2,0.0,0.0,0.0,0.0,200.0,0.0,27.0,0.2,17.4,1.5,0.0,0.0,30.0,0.0,
2020-04-09,Breakfast,424.0,16.0,1.8,3.8,3.2,0.0,0.0,217.0,0.0,50.1,8.4,13.7,11.5,0.0,0.0,22.5,0.0,
2020-04-09,Lunch,335.0,7.3,1.8,0.8,2.6,0.0,0.0,914.7,66.6,41.9,5.0,6.3,28.1,48.8,165.9,1.9,5.7,
2020-04-09,Dinner,480.5,20.5,8.5,2.0,7.0,0.0,31.0,451.9,383.3,40.7,2.3,6.6,31.9,0.0,0.0,0.0,0.0,
2020-04-09,Snacks,541.5,10.2,3.2,1.4,2.6,0.0,23.3,520.0,259.8,101.6,5.7,48.3,10.3,1.5,0.0,42.9,9.1,
2020-04-10,Breakfast,531.6,28.1,14.8,0.1,1.0,0.0,330.0,760.2,218.0,30.0,6.4,11.7,32.8,8.0,0.0,4.0,23.0,
2020-04-10,Lunch,478.2,9.7,5.6,0.2,1.8,0.0,0.0,581.1,37.8,35.5,2.7,6.8,59.4,0.0,2.3,0.4,0.1,
2020-04-10,Dinner,484.9,8.7,3.4,0.4,1.1,0.3,30.0,122.1,1815.9,58.9,7.3,4.1,44.7,10.4,144.6,7.7,20.6,
2020-04-10,Snacks,195.0,3.1,0.2,0.0,0.0,0.0,0.0,200.5,131.0,45.9,1.5,25.2,3.3,0.0,96.0,32.0,1.0,
2020-04-11,Breakfast,375.6,10.6,3.7,0.0,0.0,0.0,330.0,751.8,218.0,29.7,6.1,6.8,38.0,8.0,0.0,4.0,23.0,
2020-04-11,Lunch,663.2,19.3,9.4,0.5,2.6,0.0,0.0,183.2,636.7,72.1,8.8,29.9,46.2,27.6,98.7,0.7,1.6,
2020-04-11,Dinner,820.0,37.1,18.9,1.8,9.1,0.4,36.0,374.8,1110.4,67.3,4.3,24.3,53.9,3.3,25.8,8.8,13.5,
2020-04-11,Snacks,110.0,2.8,0.2,0.0,0.0,0.0,0.0,200.0,0.0,27.0,0.2,17.4,1.5,0.0,0.0,30.0,0.0,
2020-04-12,Breakfast,578.6,28.2,14.8,0.2,1.1,0.0,330.0,770.2,218.0,40.0,8.6,21.7,33.1,8.0,5.0,5.0,24.0,
2020-04-12,Lunch,1081.8,64.0,38.0,1.2,5.9,0.0,0.0,378.6,43.8,89.1,5.3,48.5,37.8,299.3,3.6,28.7,0.2,
2020-04-12,Dinner,448.2,6.0,1.1,0.5,2.6,0.0,0.0,183.2,636.7,51.6,8.8,9.4,43.3,27.6,98.7,0.7,1.6,
2020-04-12,Snacks,110.0,2.8,0.2,0.0,0.0,0.0,0.0,200.0,0.0,27.0,0.2,17.4,1.5,0.0,0.0,30.0,0.0,
2020-04-13,Breakfast,443.8,15.7,3.1,3.8,3.2,0.0,165.0,275.6,60.0,47.3,8.4,15.0,17.2,4.0,0.0,2.0,4.0,
2020-04-13,Lunch,368.5,14.0,6.7,0.3,4.1,0.0,31.0,293.9,383.3,29.4,4.5,15.7,28.3,0.0,5.0,1.0,1.0,
2020-04-13,Dinner,687.3,24.9,10.2,1.4,5.2,0.4,39.0,362.1,332.8,62.5,7.7,22.9,51.6,3.5,2.6,7.3,5.2,
2020-04-13,Snacks,110.0,2.8,0.2,0.0,0.0,0.0,0.0,200.0,0.0,27.0,0.2,17.4,1.5,0.0,0.0,30.0,0.0,
2020-04-14,Breakfast,382.0,10.6,3.7,0.0,0.0,0.0,330.0,751.8,218.0,31.3,6.1,8.0,38.0,8.0,0.0,4.0,23.0,
2020-04-14,Lunch,721.7,26.9,9.3,3.4,8.3,0.0,0.0,25.6,803.2,86.6,7.1,33.8,32.1,0.0,28.4,2.7,9.7,
2020-04-14,Dinner,792.3,29.1,15.3,1.3,7.0,0.0,0.0,846.4,37.8,63.0,4.7,26.3,67.0,0.9,2.3,5.1,0.1,
2020-04-14,Snacks,145.0,2.9,0.2,0.0,0.0,0.0,0.0,200.5,131.0,35.9,1.5,25.2,2.1,0.0,96.0,32.0,1.0,
2020-04-15,Breakfast,316.0,14.1,6.3,0.1,0.1,0.0,330.0,530.2,218.0,27.9,5.0,12.1,17.5,8.0,5.0,5.0,24.0,
2020-04-15,Lunch,766.2,34.1,14.2,0.8,2.6,0.0,0.0,970.7,66.6,81.9,7.0,45.5,35.1,48.8,165.9,1.9,5.7,
2020-04-15,Dinner,344.6,14.2,6.8,0.2,4.0,0.0,31.0,307.0,604.5,24.3,4.1,6.9,30.0,8.4,103.6,2.8,2.1,
2020-04-15,Snacks,535.0,16.8,3.9,3.6,6.0,0.0,0.0,586.0,0.0,84.0,0.3,23.6,10.7,0.0,0.0,37.5,0.0,
2020-04-16,Breakfast,426.0,15.5,6.8,0.0,0.0,0.0,330.0,792.0,218.0,31.3,6.1,8.0,38.0,8.0,0.0,4.0,23.0,
2020-04-16,Lunch,506.7,16.5,5.7,1.4,4.3,0.0,0.0,542.6,78.5,50.5,7.6,6.3,34.1,23.3,79.3,0.3,0.8,
2020-04-16,Dinner,496.1,15.6,7.7,0.7,1.2,0.3,30.0,141.9,1164.9,39.8,8.2,8.5,44.5,2.7,55.5,17.7,14.8,
2020-04-16,Snacks,290.5,3.6,0.3,0.2,0.1,0.0,0.0,251.8,206.5,58.5,5.8,39.2,2.3,1.8,7.7,53.5,0.3,
2020-04-17,Breakfast,474.0,23.7,12.1,0.0,0.0,0.0,330.0,751.8,218.0,30.0,6.1,7.0,32.8,8.0,1667.0,4.0,23.0,
2020-04-17,Lunch,492.1,31.4,23.6,0.1,0.4,0.0,0.0,62.5,32.9,33.8,6.3,5.2,19.4,149.2,2.7,12.2,0.2,
2020-04-17,Dinner,415.3,11.4,4.8,0.2,0.0,0.3,30.0,241.1,477.2,35.1,3.1,1.7,42.1,10.4,105.6,23.2,6.1,
2020-04-17,Snacks,477.5,10.4,2.1,2.0,3.1,0.0,0.0,419.8,206.5,89.8,5.8,40.1,7.4,1.8,7.7,53.5,0.3,
2020-04-18,Breakfast,290.0,11.7,5.3,0.0,0.0,0.0,198.0,573.2,170.0,26.5,4.2,7.6,14.6,4.8,0.0,2.4,19.8,
2020-04-18,Lunch,363.6,8.8,5.0,0.1,0.0,0.0,0.0,185.8,1238.6,46.1,6.0,3.9,28.4,8.4,133.3,23.4,13.1,
2020-04-18,Dinner,492.1,31.4,23.6,0.1,0.4,0.0,0.0,62.4,32.9,33.8,7.4,5.3,19.4,149.2,2.7,12.2,0.2,
2020-04-18,Snacks,281.5,3.8,0.3,0.2,0.1,0.0,0.0,251.8,206.5,68.5,5.8,39.2,3.5,1.8,7.7,53.5,0.3,
2020-04-19,Breakfast,358.0,15.1,6.5,0.0,0.0,0.0,330.0,540.2,120.0,34.2,4.4,3.0,20.8,8.0,1667.0,4.0,8.0,
2020-04-19,Lunch,446.5,12.3,5.0,0.9,2.7,0.0,0.0,961.9,66.6,54.6,7.2,19.0,30.9,48.8,170.9,11.9,6.7,
2020-04-19,Dinner,731.8,16.1,8.4,0.3,2.6,0.0,5.0,1084.0,590.6,75.1,8.6,12.0,67.1,515.6,21.6,42.4,14.4,
2020-04-19,Snacks,252.0,3.7,0.3,0.0,0.0,0.0,0.0,250.5,131.0,50.3,1.6,29.6,3.5,0.0,96.0,39.5,1.0,
2020-04-20,Breakfast,326.8,11.6,1.3,2.7,2.3,0.0,0.0,100.0,348.0,43.2,7.4,15.2,9.5,0.0,0.0,18.9,0.0,
2020-04-20,Lunch,691.6,25.5,8.5,3.4,8.3,0.0,0.0,210.8,1017.4,77.4,8.0,16.5,37.8,0.0,34.7,30.6,12.0,
2020-04-20,Dinner,582.4,18.8,10.5,0.3,0.8,0.3,35.0,510.0,256.0,56.5,4.8,4.9,40.7,2.0,4.0,6.0,14.0,
2020-04-20,Snacks,230.0,3.7,0.3,0.0,0.0,0.0,0.0,251.0,0.0,53.2,2.7,33.6,3.3,0.0,0.0,37.5,0.0,
2020-04-21,Breakfast,427.4,15.5,6.8,0.0,0.0,0.0,330.0,822.2,218.0,30.9,6.5,7.3,38.5,8.0,1667.0,4.0,23.0,
2020-04-21,Lunch,511.7,14.4,3.9,0.3,0.8,0.0,0.0,405.5,76.7,58.2,4.1,12.6,33.6,25.3,11.7,1.0,1.0,
2020-04-21,Dinner,437.0,13.0,6.4,0.4,0.8,0.3,32.5,333.4,532.4,37.4,4.9,3.1,38.7,259.8,11.6,23.0,11.2,
2020-04-21,Snacks,506.0,11.3,2.4,1.8,3.0,0.0,0.0,492.5,131.2,73.1,1.6,30.5,27.4,0.0,96.0,39.5,1.0,
2020-04-22,Breakfast,511.1,27.8,14.7,0.1,1.0,0.0,330.0,754.2,218.0,30.0,6.1,7.0,32.8,8.0,1667.0,4.0,23.0,
2020-04-22,Lunch,511.7,14.4,3.9,0.3,0.8,0.0,0.0,405.5,76.7,58.2,4.1,12.6,33.6,25.3,11.7,1.0,1.0,
2020-04-22,Dinner,804.2,28.1,13.0,2.2,3.8,0.3,35.0,855.4,532.4,82.7,5.9,6.0,50.2,259.8,12.6,43.4,16.2,
2020-04-22,Snacks,217.0,3.6,0.3,0.0,0.0,0.0,0.0,250.0,0.0,41.4,0.3,21.8,2.9,0.0,0.0,37.5,0.0,
2020-04-23,Breakfast,383.3,12.2,1.4,2.7,2.3,0.0,0.0,365.0,446.0,52.6,9.1,16.6,12.5,0.0,1667.0,18.9,15.0,
2020-04-23,Lunch,413.7,9.3,5.1,0.1,0.0,0.0,0.0,188.2,1372.5,51.6,6.5,4.4,34.6,8.4,137.2,23.7,14.5,
2020-04-23,Dinner,596.1,10.5,5.5,0.2,1.8,0.0,0.0,581.1,37.8,57.4,4.3,20.1,64.3,0.0,110.3,0.4,0.1,
2020-04-23,Snacks,373.0,10.1,2.1,1.9,3.1,0.0,0.0,428.0,0.0,62.7,2.5,32.7,5.9,0.0,5.0,38.5,1.0,
2020-04-24,Breakfast,344.7,14.3,4.0,1.7,2.5,0.0,330.0,1356.8,218.0,22.7,5.5,5.6,30.9,8.0,1667.0,4.0,23.0,
2020-04-24,Lunch,567.1,21.3,8.3,0.4,0.8,0.0,0.0,582.4,833.4,54.3,6.8,14.5,39.2,33.7,130.9,23.4,8.9,
2020-04-24,Dinner,933.3,46.8,27.3,1.5,7.3,0.0,0.0,526.6,302.1,96.8,9.2,37.5,32.7,407.9,10.6,36.0,5.1,
2020-04-24,Snacks,189.0,3.4,0.3,0.0,0.0,0.0,0.0,250.0,0.0,31.4,0.3,21.8,1.7,0.0,0.0,37.5,0.0,
2020-04-25,Breakfast,425.5,23.2,12.0,0.0,0.0,0.0,330.0,656.8,218.0,21.5,5.0,6.3,30.6,8.0,1667.0,4.0,23.0,
2020-04-25,Lunch,511.7,14.4,3.9,0.3,0.8,0.0,0.0,405.5,76.7,58.2,4.1,12.6,33.6,25.3,11.7,1.0,1.0,
2020-04-25,Dinner,689.4,35.5,18.9,1.3,9.2,0.0,31.0,573.5,604.5,56.4,5.6,26.5,37.4,9.3,103.6,7.5,2.1,
2020-04-25,Snacks,189.0,3.4,0.3,0.0,0.0,0.0,0.0,250.0,0.0,31.4,0.3,21.8,1.7,0.0,0.0,37.5,0.0,
2020-04-26,Breakfast,448.6,19.0,6.8,1.8,3.5,0.0,330.0,1188.4,218.0,33.5,6.3,20.4,30.7,8.0,1775.0,4.0,23.0,
2020-04-26,Lunch,646.4,36.0,26.4,0.4,1.8,0.0,0.0,174.8,313.1,56.9,11.6,16.1,24.8,407.0,16.5,32.5,6.2,
2020-04-26,Dinner,809.0,27.4,13.2,1.6,7.8,0.0,0.0,449.7,636.7,87.1,10.4,29.1,51.1,28.5,98.7,5.4,1.6,
2020-04-26,Snacks,239.0,3.5,0.3,0.0,0.0,0.0,0.0,251.0,0.0,43.2,2.7,33.6,2.1,0.0,0.0,37.5,0.0,
2020-04-27,Breakfast,425.5,23.2,12.0,0.0,0.0,0.0,330.0,656.8,218.0,21.5,5.0,6.3,30.6,8.0,1667.0,4.0,23.0,
2020-04-27,Lunch,457.9,20.4,15.0,0.4,1.8,0.2,15.0,84.9,415.4,42.1,7.3,3.3,26.9,258.8,10.5,20.2,4.3,
2020-04-28,Breakfast,173.0,1.1,0.2,0.0,0.0,0.0,0.0,360.0,98.0,31.5,5.5,15.7,7.0,0.0,108.0,0.0,15.0,
2020-04-28,Lunch,480.7,14.4,3.9,0.2,0.7,0.0,0.0,395.5,76.7,51.6,2.0,2.7,33.7,25.3,6.7,0.0,0.0,
2020-04-28,Dinner,670.6,21.9,10.7,0.5,5.8,0.0,31.0,428.9,612.0,77.6,7.4,8.2,41.4,8.4,104.0,3.4,7.6,
2020-04-28,Snacks,1410.0,51.6,5.9,5.6,34.4,0.0,0.0,273.0,348.0,173.7,0.3,33.3,15.6,0.0,0.0,37.5,0.0,
2020-04-29,Breakfast,326.7,11.2,3.9,0.0,0.0,0.0,330.0,656.8,218.0,21.7,5.0,5.6,33.2,8.0,1667.0,4.0,23.0,
2020-04-29,Lunch,509.7,18.1,7.7,0.2,0.1,0.0,0.0,244.7,1017.4,65.2,6.4,13.2,21.7,0.0,34.7,30.8,12.0,
2020-04-29,Dinner,389.8,11.7,6.0,0.4,0.8,0.2,22.5,104.9,468.4,36.2,6.0,1.6,31.9,259.3,10.1,20.5,5.2,
2020-04-29,Snacks,430.0,3.6,0.3,0.0,0.0,0.0,0.0,272.0,348.0,48.9,0.3,25.3,3.2,0.0,0.0,37.5,0.0,
2020-04-30,Breakfast,326.7,11.2,3.9,0.0,0.0,0.0,330.0,656.8,218.0,21.7,5.0,5.6,33.2,8.0,0.0,4.0,23.0,
2020-04-30,Lunch,625.2,33.4,23.9,0.4,1.9,0.0,0.0,72.5,32.9,58.0,9.1,15.5,23.0,149.2,7.7,13.2,1.2,
2020-04-30,Dinner,344.6,14.2,6.8,0.2,4.0,0.0,31.0,307.0,604.5,24.3,4.1,6.9,30.0,8.4,103.6,2.8,2.1,
2020-04-30,Snacks,384.6,12.0,5.5,0.2,2.3,0.0,0.0,494.8,0.0,52.1,0.3,21.8,14.3,0.0,0.0,37.5,0.0,
2020-05-01,Breakfast,397.8,18.7,8.0,2.7,2.3,0.0,0.0,103.1,348.0,45.3,8.6,16.1,10.3,0.0,0.0,18.9,0.0,
2020-05-01,Lunch,615.3,24.0,9.4,0.6,0.9,0.0,81.8,300.9,1323.7,59.3,8.8,15.0,42.8,43.6,142.8,46.7,14.7,
2020-05-01,Dinner,645.9,26.8,15.3,0.5,2.2,0.2,15.0,100.9,149.9,58.5,7.9,17.5,38.8,150.2,110.8,13.0,2.1,
2020-05-01,Snacks,180.0,3.6,0.3,0.0,0.0,0.0,0.0,250.0,0.0,41.4,0.3,21.8,2.9,0.0,0.0,37.5,0.0,
2020-05-02,Breakfast,513.8,14.5,5.0,0.2,0.5,0.2,345.0,986.0,346.0,46.3,8.6,12.5,41.3,9.0,1668.0,5.0,25.0,
2020-05-02,Lunch,527.7,14.5,3.9,0.3,0.8,0.0,0.0,405.5,76.7,61.6,4.2,12.7,34.0,25.3,11.7,1.0,1.0,
2020-05-02,Dinner,1672.8,91.3,32.6,1.1,5.2,1.0,150.0,1916.5,0.0,154.7,14.2,41.2,61.2,0.9,123.0,156.7,0.0,
2020-05-02,Snacks,241.7,3.5,0.3,0.0,0.0,0.0,0.0,251.0,0.0,43.2,2.7,33.6,2.1,0.0,0.0,37.5,0.0,
2020-05-03,Breakfast,466.8,19.6,8.2,2.7,2.3,0.0,0.0,204.1,348.0,53.9,10.0,21.6,12.5,0.0,0.0,18.9,0.0,
2020-05-03,Lunch,614.4,15.4,7.0,0.4,4.1,0.0,31.0,312.6,1400.7,79.1,12.5,19.7,38.5,0.0,34.7,3.2,12.0,
2020-05-03,Dinner,645.9,26.8,15.3,0.5,2.2,0.2,15.0,100.9,149.9,58.5,7.9,17.5,38.8,150.2,110.8,13.0,2.1,
2020-05-03,Snacks,130.0,3.4,0.3,0.0,0.0,0.0,0.0,250.0,0.0,31.4,0.3,21.8,1.7,0.0,0.0,37.5,0.0,
2020-05-04,Breakfast,300.3,9.7,3.4,0.0,0.0,0.0,330.0,656.8,218.0,21.1,5.0,6.0,30.3,8.0,1667.0,4.0,23.0,
2020-05-04,Lunch,523.6,22.4,8.8,0.6,1.4,0.0,81.8,53.2,85.1,39.4,8.8,14.1,38.6,35.2,9.5,14.1,1.6,
2020-05-04,Dinner,862.9,29.5,11.5,1.0,6.2,0.0,0.0,635.6,76.7,96.6,4.0,3.8,50.0,25.3,6.7,0.0,0.0,
2020-05-04,Snacks,350.0,4.8,0.6,0.0,0.0,0.0,0.0,325.0,0.2,59.7,2.7,33.6,23.9,0.0,0.0,37.5,0.0,
2020-05-05,Breakfast,341.0,15.2,6.8,0.2,1.4,0.0,330.0,480.0,218.0,18.4,2.9,2.6,32.1,8.0,0.0,4.0,23.0,
2020-05-05,Lunch,586.3,27.8,16.4,0.6,2.4,0.2,15.0,112.9,149.9,44.6,6.6,13.7,36.1,150.2,7.8,14.0,3.1,
2020-05-05,Dinner,530.5,20.9,11.3,0.5,5.9,0.0,31.0,443.9,383.3,33.3,5.0,19.4,34.5,0.0,108.0,0.0,0.0,
2020-05-05,Snacks,275.0,4.5,0.6,0.0,0.0,0.0,0.0,325.0,0.2,44.7,2.7,33.6,22.1,0.0,0.0,37.5,0.0,
2020-05-06,Breakfast,416.1,18.7,8.0,2.7,2.3,0.0,0.0,119.9,536.9,49.9,8.6,20.7,10.3,0.0,1697.5,20.1,0.0,
2020-05-06,Lunch,611.4,13.3,5.4,0.7,4.5,0.0,0.0,183.2,636.7,68.5,9.6,9.8,50.6,27.6,98.7,0.7,1.6,
2020-05-06,Dinner,542.7,14.2,6.6,0.5,1.9,0.3,30.0,84.0,256.0,55.9,6.6,14.9,42.4,2.0,110.0,2.0,4.0,
2020-05-06,Snacks,275.0,4.5,0.6,0.0,0.0,0.0,0.0,325.0,0.2,44.7,2.7,33.6,22.1,0.0,0.0,37.5,0.0,
2020-05-07,Breakfast,403.8,23.5,12.1,0.0,0.0,0.0,330.0,480.0,218.0,18.7,2.8,2.8,28.6,8.0,1667.0,4.0,23.0,
2020-05-07,Lunch,274.1,7.6,1.2,0.0,0.0,0.0,0.0,40.6,1054.5,40.2,4.3,3.9,13.3,8.4,133.6,4.5,7.9,
2020-05-07,Dinner,877.0,27.4,13.2,1.6,7.8,0.0,0.0,449.7,636.7,100.7,13.1,42.7,52.9,28.5,206.7,5.4,1.6,
2020-05-07,Snacks,446.0,16.8,6.4,2.0,4.9,0.0,0.0,622.0,0.0,53.3,0.3,22.7,14.1,0.0,0.0,37.5,0.0,
2020-05-08,Breakfast,409.7,18.4,6.4,0.8,2.4,0.0,27.8,952.0,563.3,26.3,4.3,4.0,34.2,6.4,1685.2,1.5,18.1,
2020-05-08,Lunch,344.6,14.2,6.8,0.2,4.0,0.0,31.0,307.0,604.5,24.3,4.1,6.9,30.0,8.4,103.6,2.8,2.1,
2020-05-08,Dinner,1280.2,62.4,32.5,2.9,12.8,0.3,57.8,901.0,376.3,102.3,10.1,43.5,74.4,10.2,19.2,30.7,4.9,
2020-05-08,Snacks,130.0,3.4,0.3,0.0,0.0,0.0,0.0,250.0,0.0,31.4,0.3,21.8,1.7,0.0,0.0,37.5,0.0,
2020-05-09,Breakfast,404.8,11.7,4.2,0.5,0.0,0.0,330.0,628.2,563.0,28.1,8.2,5.0,43.5,8.0,1668.0,4.6,25.2,
2020-05-09,Lunch,380.9,4.2,0.5,0.3,0.1,0.2,22.5,88.7,413.2,51.3,7.7,25.2,30.8,9.9,218.1,5.3,6.1,
2020-05-09,Dinner,649.7,18.4,5.3,2.9,6.8,0.0,0.0,718.6,1338.7,84.4,11.1,6.9,36.2,0.0,39.0,21.3,14.5,
2020-05-09,Snacks,350.7,10.0,2.1,1.8,3.0,0.0,0.0,418.0,0.0,52.7,0.3,22.7,5.6,0.0,0.0,37.5,0.0,
2020-05-10,Breakfast,473.4,17.1,8.2,2.9,2.2,0.0,0.0,335.6,722.7,60.5,9.2,19.6,13.1,0.0,1728.9,3.0,2.2,
2020-05-10,Lunch,607.2,12.5,6.0,0.5,3.3,0.0,0.0,591.2,37.8,55.8,5.4,17.2,63.5,0.0,7.3,1.4,1.1,
2020-05-10,Dinner,399.5,7.9,2.4,1.5,3.1,0.0,35.4,281.9,327.9,39.4,6.3,16.3,32.9,9.3,222.8,3.7,6.1,
2020-05-10,Snacks,591.6,19.2,6.8,2.2,6.3,0.0,0.0,622.0,0.0,78.9,1.4,23.2,19.1,0.0,0.0,37.5,0.0,
2020-05-11,Breakfast,473.1,23.9,12.2,0.2,0.0,0.0,330.0,586.2,218.0,28.2,8.2,5.0,32.9,8.0,1667.0,4.0,23.0,
2020-05-11,Lunch,399.5,7.9,2.4,1.5,3.1,0.0,35.4,281.9,327.9,39.4,6.3,16.3,32.9,9.3,222.8,3.7,6.1,
2020-05-11,Dinner,706.0,23.2,11.2,1.1,4.9,0.0,55.5,468.5,1579.3,77.0,12.1,8.6,47.2,12.8,73.5,23.0,16.4,
2020-05-11,Snacks,417.6,6.9,1.0,0.3,1.5,0.0,0.0,334.0,0.2,68.5,3.6,32.3,27.0,0.0,5.0,38.5,1.0,
2020-05-12,Breakfast,418.1,12.2,3.5,0.4,0.0,0.2,352.5,641.7,410.0,27.4,8.2,4.3,44.8,9.5,1668.5,5.5,26.0,
2020-05-12,Lunch,365.9,17.1,5.7,0.5,1.1,0.0,81.8,71.2,306.3,21.2,5.5,13.1,32.0,43.6,113.1,16.9,3.7,
2020-05-12,Dinner,446.5,7.2,3.5,0.0,0.0,0.0,0.0,340.0,0.0,54.8,7.7,16.8,36.7,0.0,108.0,0.0,0.0,
2020-05-12,Snacks,398.0,10.2,2.1,1.8,3.0,0.0,0.0,418.0,0.0,62.7,0.3,22.7,6.8,0.0,0.0,37.5,0.0,
2020-05-13,Breakfast,414.2,19.4,8.2,2.9,2.2,0.0,0.0,232.1,345.0,43.7,8.0,13.2,9.9,0.0,1668.0,18.6,2.2,
2020-05-13,Lunch,560.2,12.4,6.0,0.4,3.2,0.0,0.0,581.2,37.8,45.8,3.2,7.2,63.2,0.0,2.3,0.4,0.1,
2020-05-13,Dinner,639.9,15.6,4.8,2.9,6.2,0.0,70.8,540.8,434.6,46.6,5.4,4.2,60.2,10.2,126.1,4.5,10.2,
2020-05-13,Snacks,434.0,11.2,2.4,1.8,3.0,0.0,0.0,492.0,0.2,64.2,0.3,22.7,26.8,0.0,0.0,37.5,0.0,
2020-05-14,Breakfast,387.4,11.4,4.1,0.5,0.0,0.0,330.0,628.2,563.0,28.0,8.2,4.9,39.9,8.0,1668.0,4.6,25.2,
2020-05-14,Lunch,475.4,16.7,7.0,1.0,4.9,0.0,55.5,323.1,461.8,44.4,5.8,5.4,37.1,21.2,138.1,4.5,4.0,
2020-05-14,Snacks,289.0,10.0,2.1,1.8,3.0,0.0,0.0,418.0,0.0,52.7,0.3,22.7,5.6,0.0,0.0,37.5,0.0,
2020-05-15,Breakfast,288.5,7.0,2.3,0.3,0.0,0.0,165.0,658.0,503.0,35.0,5.3,8.3,16.0,4.0,1668.0,2.6,21.2,
2020-05-15,Lunch,474.1,10.5,5.7,0.2,1.8,0.0,0.0,581.2,37.8,31.6,2.6,6.9,59.9,0.0,2.3,0.4,0.1,
2020-05-15,Dinner,444.2,14.0,2.9,0.4,0.8,0.0,81.8,33.1,85.1,40.7,5.5,4.0,36.4,35.2,4.5,13.1,0.6,
2020-05-15,Snacks,398.0,10.2,2.1,1.8,3.0,0.0,0.0,418.0,0.0,62.7,0.3,22.7,6.8,0.0,0.0,37.5,0.0,
2020-05-16,Breakfast,360.6,11.0,4.0,0.5,0.0,0.0,330.0,628.2,563.0,27.8,8.2,4.7,34.4,8.0,1668.0,4.6,25.2,
2020-05-16,Lunch,591.5,23.2,13.5,0.3,2.0,0.0,0.0,61.0,21.9,68.3,7.3,17.5,24.1,149.2,109.8,12.0,0.1,
2020-05-16,Dinner,107.9,1.3,0.1,0.1,0.1,0.0,0.0,67.0,0.0,16.7,2.6,7.6,2.0,0.0,0.0,0.0,0.0,
2020-05-16,Snacks,180.0,3.5,0.3,0.0,0.0,0.0,0.0,251.0,0.0,43.2,2.7,33.6,2.1,0.0,0.0,37.5,0.0,
2020-05-17,Breakfast,479.1,24.4,12.5,0.5,0.0,0.0,330.0,628.2,563.0,28.2,8.2,5.0,33.3,8.0,1668.0,4.6,25.2,
2020-05-17,Lunch,390.0,6.6,2.6,0.1,2.6,0.0,0.0,1.3,0.0,34.7,1.3,4.5,31.3,0.0,0.0,0.0,0.0,
2020-05-17,Dinner,887.2,40.8,21.1,2.0,11.6,0.0,0.0,882.4,374.4,85.5,6.7,42.9,39.5,8.4,106.9,11.4,3.0,
2020-05-17,Snacks,286.0,4.5,0.5,0.0,0.0,0.0,0.0,440.0,0.0,48.5,2.5,23.3,6.1,0.0,0.0,37.5,0.0,
2020-05-18,Breakfast,448.2,13.4,1.7,2.9,2.2,0.0,0.0,589.0,443.0,59.5,9.6,14.4,14.3,0.0,1668.0,18.6,17.2,
2020-05-18,Lunch,672.8,22.9,11.2,1.4,6.9,0.0,55.5,352.7,1532.7,74.5,11.5,17.4,44.1,21.2,174.3,7.8,16.6,
2020-05-18,Dinner,446.2,14.5,6.8,0.2,4.0,0.0,31.0,283.9,383.3,39.8,8.6,21.2,34.0,0.0,108.0,0.0,0.0,
2020-05-18,Snacks,606.6,34.6,18.8,0.8,5.8,0.0,0.0,683.8,23.5,75.0,2.9,48.6,7.6,0.0,0.0,37.5,0.0,
2020-05-19,Breakfast,409.2,12.4,3.8,0.6,0.0,0.2,349.8,677.0,732.0,27.4,8.2,4.3,42.4,9.3,1669.3,5.9,27.8,
2020-05-19,Lunch,569.5,25.7,13.6,0.5,2.0,0.3,30.0,134.9,277.9,31.9,3.6,3.5,49.9,151.2,3.8,14.0,4.1,
2020-05-19,Dinner,622.4,14.9,5.1,1.7,5.9,0.0,0.0,450.2,457.2,47.1,6.1,13.9,60.8,8.4,115.1,20.9,5.0,
2020-05-19,Snacks,180.0,3.5,0.3,0.0,0.0,0.0,0.0,251.0,0.0,43.2,2.7,33.6,2.1,0.0,0.0,37.5,0.0,
2020-05-20,Breakfast,413.5,19.1,9.2,0.2,0.0,0.0,330.0,586.2,218.0,28.0,8.2,4.8,29.1,8.0,1667.0,4.0,23.0,
2020-05-20,Lunch,654.6,26.4,13.4,1.4,7.7,0.0,55.5,352.9,1696.7,59.0,12.5,5.2,49.0,21.2,172.2,94.2,13.7,
2020-05-20,Dinner,798.0,28.9,14.9,0.9,8.4,0.0,0.0,435.1,23.5,81.1,4.0,31.4,37.2,0.0,0.0,0.0,0.0,
2020-05-20,Snacks,227.0,3.7,0.3,0.1,0.1,0.0,0.0,260.0,0.0,51.4,2.5,31.8,3.2,0.0,5.0,38.5,1.0,
2020-05-21,Breakfast,399.3,12.2,3.8,0.6,0.0,0.2,348.0,672.6,716.6,27.4,8.2,4.3,40.5,9.2,1669.2,5.8,27.6,
2020-05-21,Lunch,723.5,30.1,14.7,2.3,8.9,0.0,35.4,715.7,351.4,68.8,6.2,29.5,36.6,9.3,114.8,3.7,6.1,
2020-05-21,Dinner,653.2,19.5,5.4,1.2,2.1,0.3,30.0,305.6,367.2,72.0,5.9,24.4,44.6,22.2,104.2,21.0,5.4,
2020-05-21,Snacks,277.0,4.7,0.5,0.0,0.0,0.0,0.0,440.0,0.0,58.5,2.5,23.3,7.3,0.0,0.0,37.5,0.0,
2020-05-22,Breakfast,436.2,13.4,1.7,2.9,2.2,0.0,0.0,522.0,443.0,60.2,9.9,15.5,14.8,0.5,1671.0,18.6,17.7,
2020-05-22,Lunch,450.9,16.1,3.3,0.7,2.3,0.0,81.8,118.8,196.3,41.8,3.5,5.6,33.7,55.4,106.7,13.7,2.0,
2020-05-22,Dinner,1000.3,42.8,17.1,2.1,5.8,0.3,30.0,137.7,277.9,97.4,8.7,44.3,54.6,151.2,3.8,14.0,4.1,
2020-05-22,Snacks,915.7,42.3,24.2,1.2,9.6,0.0,0.0,1072.0,23.5,86.3,4.8,28.3,29.9,0.0,0.0,0.0,0.0,
2020-05-24,Breakfast,467.3,15.7,3.1,3.0,2.7,0.0,0.0,359.2,345.0,59.4,9.6,19.6,14.0,0.5,1671.0,18.6,2.7,
2020-05-24,Lunch,782.0,15.2,2.8,2.3,3.8,0.0,35.4,270.7,106.7,107.4,12.2,34.3,42.3,0.9,16.2,1.9,5.0,
2020-05-24,Dinner,614.5,24.5,13.6,0.4,2.0,0.2,15.0,97.9,149.9,56.9,7.4,17.4,37.9,150.2,110.8,13.0,2.1,
2020-05-24,Snacks,130.0,3.4,0.3,0.0,0.0,0.0,0.0,250.0,0.0,31.4,0.3,21.8,1.7,0.0,0.0,37.5,0.0,
2020-05-25,Breakfast,382.8,11.8,3.8,0.6,0.0,0.2,345.0,665.2,691.0,27.4,8.2,4.3,37.4,9.0,1669.0,5.6,27.2,
2020-05-25,Lunch,905.9,28.4,7.9,2.2,5.5,0.3,30.0,193.4,1602.1,109.7,15.2,44.4,53.3,22.2,138.3,92.3,15.1,
2020-05-25,Dinner,619.7,12.9,6.1,0.4,3.2,0.0,0.0,581.1,37.8,57.2,4.8,7.5,64.9,0.0,2.3,0.4,0.1,
2020-05-25,Snacks,429.7,10.5,3.8,0.0,0.0,0.0,0.0,670.2,0.0,65.6,4.7,24.8,10.5,0.0,0.0,37.5,0.0,
2020-05-26,Breakfast,486.8,24.5,12.5,0.6,0.1,0.0,330.0,640.0,563.0,29.2,8.8,5.3,33.8,8.0,1668.0,4.6,25.2,
2020-05-26,Lunch,552.4,21.2,10.1,0.4,6.1,0.0,46.5,458.9,796.2,43.9,7.4,19.8,44.3,8.4,108.6,3.8,3.1,
2020-05-26,Dinner,545.5,14.4,6.9,0.9,2.9,0.0,0.0,372.3,1188.9,58.9,5.5,3.7,39.3,0.0,34.5,29.3,12.5,
2020-05-26,Snacks,1505.3,73.3,37.9,2.6,18.7,0.0,0.0,1551.4,70.5,186.5,9.1,103.2,34.4,0.0,0.0,37.5,0.0,
2020-05-27,Breakfast,413.9,11.8,3.7,0.3,0.0,0.1,342.0,615.8,320.4,27.8,8.2,4.7,45.0,8.8,1667.8,4.8,24.6,
2020-05-27,Lunch,570.5,23.3,13.5,0.4,2.1,0.0,0.0,71.0,21.9,64.7,6.8,13.9,22.6,149.2,6.8,13.0,1.1,
2020-05-27,Dinner,513.3,18.8,9.3,0.8,2.9,0.0,0.0,447.7,339.2,38.1,4.5,3.0,41.4,8.4,106.9,39.0,3.0,
2020-05-27,Snacks,212.0,4.6,0.5,0.0,0.0,0.0,0.0,530.0,0.0,47.2,0.7,22.2,3.3,0.0,0.0,37.5,0.0,
2020-05-28,Breakfast,383.2,12.4,1.5,2.9,2.2,0.0,0.0,229.0,345.0,50.1,8.3,20.8,9.8,0.5,1671.0,18.6,2.7,
2020-05-28,Lunch,642.9,12.8,6.1,0.5,3.3,0.0,0.0,591.2,37.8,62.6,5.7,17.3,64.5,0.0,7.3,1.4,1.1,
2020-05-28,Dinner,539.0,21.4,10.1,0.3,6.0,0.0,46.5,425.8,575.0,35.8,7.0,10.5,46.2,0.0,0.0,0.0,0.0,
2020-05-28,Snacks,271.0,4.6,0.5,0.0,0.0,0.0,0.0,530.0,0.0,47.2,0.7,22.2,3.3,0.0,0.0,37.5,0.0,
2020-05-29,Breakfast,380.7,11.3,4.1,0.5,0.0,0.0,330.0,628.2,563.0,27.9,8.2,4.8,38.5,8.0,1668.0,4.6,25.2,
2020-05-29,Lunch,436.3,8.6,3.4,0.2,0.2,0.3,30.0,559.0,256.0,46.4,2.5,2.5,40.0,2.0,2.0,2.0,4.0,
2020-05-29,Dinner,573.4,21.1,10.1,0.3,6.0,0.0,46.5,448.9,796.2,47.5,7.9,23.4,45.8,8.4,211.6,2.8,2.1,
2020-05-29,Snacks,318.0,4.7,0.5,0.1,0.1,0.0,0.0,540.0,0.0,57.2,2.9,32.2,3.6,0.0,5.0,38.5,1.0,
2020-05-30,Breakfast,479.1,24.4,12.5,0.5,0.0,0.0,330.0,628.2,563.0,28.2,8.2,5.0,33.3,8.0,1668.0,4.6,25.2,
2020-05-30,Lunch,494.9,7.9,1.0,0.6,1.6,0.3,33.0,657.1,392.8,58.3,5.3,15.6,43.0,22.4,109.4,3.8,6.8,
2020-05-30,Snacks,130.0,3.4,0.3,0.0,0.0,0.0,0.0,250.0,0.0,31.4,0.3,21.8,1.7,0.0,0.0,37.5,0.0,
2020-06-01,Breakfast,590.3,20.7,7.5,0.8,0.0,0.0,660.0,980.2,1028.0,45.0,10.4,6.3,52.6,16.0,3336.0,9.2,35.4,
2020-06-01,Lunch,1093.0,49.0,27.2,0.8,4.0,0.4,30.0,196.0,299.8,86.6,8.2,7.4,72.2,300.4,5.6,26.0,4.2,
2020-06-01,Dinner,505.7,10.3,5.7,0.2,1.8,0.0,0.0,604.2,259.0,38.7,7.2,21.6,62.0,8.4,213.9,3.2,2.2,
2020-06-01,Snacks,289.0,5.1,0.5,0.1,0.1,0.0,0.0,540.0,0.0,66.8,2.9,32.2,4.3,0.0,5.0,38.5,1.0,
2020-06-06,Breakfast,488.2,13.5,1.7,2.9,2.2,0.0,0.0,589.0,443.0,68.0,11.1,22.9,15.0,0.5,1671.0,18.6,17.7,
2020-06-06,Lunch,472.5,22.1,13.3,0.3,2.0,0.0,0.0,60.9,21.9,45.5,6.3,17.1,20.7,149.2,109.8,12.0,0.1,
2020-06-06,Snacks,177.0,3.5,0.3,0.1,0.1,0.0,0.0,260.0,0.0,41.4,2.5,31.8,2.0,0.0,5.0,38.5,1.0,
2020-06-09,Breakfast,367.3,11.1,4.0,0.5,0.0,0.0,330.0,628.2,563.0,27.9,8.2,4.8,35.8,8.0,1668.0,4.6,25.2,
2020-06-09,Lunch,576.6,20.6,5.3,3.5,10.1,0.0,0.0,30.8,1234.9,61.3,9.2,1.7,38.0,0.0,34.1,89.7,9.7,
2020-06-09,Snacks,177.0,3.5,0.3,0.1,0.1,0.0,0.0,260.0,0.0,41.4,2.5,31.8,2.0,0.0,5.0,38.5,1.0,
2020-09-14,Breakfast,392.9,13.6,4.7,0.4,0.0,0.2,348.0,991.8,618.6,33.7,0.1,2.3,34.5,9.2,1669.2,5.8,12.6,
2020-09-14,Snacks,227.0,3.6,0.3,0.1,0.1,0.0,0.0,261.0,0.0,53.2,4.9,43.6,2.4,0.0,5.0,38.5,1.0,
2020-10-03,Breakfast,517.9,16.3,5.4,1.7,2.6,0.0,330.0,729.1,563.0,45.6,9.5,6.2,43.5,8.0,1.0,4.6,25.2,
2020-10-03,Lunch,776.2,26.7,10.4,0.7,3.5,0.2,55.2,147.4,165.4,82.4,5.2,18.2,45.6,2.0,6.6,13.1,4.2,
2020-10-03,Dinner,513.0,12.7,8.3,0.7,1.8,0.0,0.0,163.4,318.4,64.1,12.1,21.6,26.0,14.3,52.4,0.4,1.3,
2020-10-03,Snacks,189.0,3.4,0.3,0.0,0.0,0.0,0.0,250.0,0.0,31.4,0.3,21.8,1.7,0.0,0.0,37.5,0.0,
2020-10-04,Breakfast,418.9,11.7,4.1,0.5,0.0,0.0,330.0,727.9,563.0,36.9,9.5,5.7,38.2,8.0,1.0,4.6,25.2,
2020-10-04,Lunch,677.5,21.3,13.9,0.2,0.6,0.0,0.0,11.7,0.0,35.1,4.7,11.1,82.3,0.0,5.0,1.0,1.0,
2020-10-04,Dinner,614.6,16.4,4.1,2.9,6.8,0.0,0.0,932.8,1292.1,72.4,8.2,6.1,47.1,8.4,134.8,5.1,13.7,
2020-10-04,Snacks,239.0,3.5,0.3,0.0,0.0,0.0,0.0,251.0,0.0,43.2,2.7,33.6,2.1,0.0,0.0,37.5,0.0,
2020-10-05,Breakfast,445.2,15.5,5.2,1.5,2.6,0.0,330.0,935.2,465.0,42.9,0.1,3.3,35.1,8.0,1.0,4.6,10.2,
2020-10-05,Lunch,523.2,27.2,16.1,0.5,1.0,0.3,30.0,149.9,277.9,19.0,5.5,13.2,46.6,151.2,8.8,15.0,5.1,
2020-10-05,Dinner,547.6,15.3,3.7,2.9,6.8,0.0,0.0,932.8,1292.1,71.9,8.2,5.6,33.2,8.4,134.8,5.1,13.7,
2020-10-05,Snacks,180.0,3.5,0.3,0.0,0.0,0.0,0.0,251.0,0.0,43.2,2.7,33.6,2.1,0.0,0.0,37.5,0.0,
2020-10-06,Breakfast,461.5,15.2,4.9,0.5,0.0,0.0,330.0,547.9,563.0,43.9,9.8,4.2,38.1,8.0,1668.0,4.6,25.2,
2020-10-06,Lunch,677.5,21.3,13.9,0.2,0.6,0.0,0.0,11.7,0.0,35.1,4.7,11.1,82.3,0.0,5.0,1.0,1.0,
2020-10-06,Dinner,753.4,30.9,18.3,0.4,2.4,0.0,37.2,769.8,11.8,72.8,3.0,8.7,42.4,0.8,0.4,10.9,0.8,
2020-10-06,Snacks,339.0,10.1,2.1,1.8,3.0,0.0,0.0,419.0,0.0,64.5,2.7,34.5,6.0,0.0,0.0,37.5,0.0,
2020-10-07,Breakfast,337.8,11.0,3.6,0.4,0.0,0.2,348.0,206.4,618.6,25.0,0.0,0.0,33.6,9.2,1669.2,5.8,12.6,
2020-10-07,Lunch,654.7,10.5,1.3,1.0,3.0,0.0,0.0,190.2,636.7,86.7,16.3,24.9,47.4,27.6,98.7,0.7,1.6,
2020-10-07,Dinner,410.2,25.7,16.0,0.3,0.9,0.2,18.0,110.3,175.5,9.0,3.3,3.2,33.9,150.4,3.0,13.2,2.5,
2020-10-07,Snacks,180.0,3.5,0.3,0.0,0.0,0.0,0.0,251.0,0.0,43.2,2.7,33.6,2.1,0.0,0.0,37.5,0.0,
2020-10-08,Breakfast,507.7,23.2,10.1,0.5,0.0,0.0,330.0,547.9,563.0,43.9,9.8,4.2,31.4,8.0,1668.0,4.6,25.2,
2020-10-08,Lunch,851.0,26.9,1.4,0.6,0.4,0.0,0.0,21.1,1070.9,111.8,11.5,19.4,41.5,0.0,31.2,2.3,11.6,
2020-10-08,Dinner,476.2,27.1,16.1,0.4,0.9,0.3,30.0,139.9,277.9,9.0,3.3,3.2,46.3,151.2,3.8,14.0,4.1,
2020-10-08,Snacks,407.0,10.0,2.1,1.8,3.0,0.0,0.0,418.0,0.0,52.7,0.3,22.7,5.6,0.0,0.0,37.5,0.0,
2020-10-09,Breakfast,454.8,15.1,4.9,0.5,0.0,0.0,330.0,547.9,563.0,43.8,9.8,4.1,36.7,8.0,1668.0,4.6,25.2,
2020-10-09,Lunch,630.5,21.2,13.9,0.1,0.5,0.0,0.0,1.7,0.0,25.1,2.5,1.1,82.0,0.0,0.0,0.0,0.0,
2020-10-09,Dinner,903.4,33.5,18.2,0.6,2.4,0.3,67.2,910.8,267.8,80.1,4.2,15.6,59.7,2.8,2.4,12.9,4.8,
2020-10-09,Snacks,454.0,10.1,2.1,1.9,3.1,0.0,0.0,428.0,0.0,62.7,2.5,32.7,5.9,0.0,5.0,38.5,1.0,
2020-10-10,Breakfast,537.5,13.8,2.4,0.5,0.2,0.0,0.0,320.9,345.0,79.0,11.3,26.5,13.2,0.5,1671.0,21.6,2.7,
2020-10-10,Lunch,757.7,23.3,22.7,0.7,3.5,0.0,0.0,584.5,37.8,68.3,10.3,23.9,65.6,0.0,2.3,0.4,0.1,
2020-10-10,Dinner,477.6,6.1,1.1,0.5,2.6,0.0,0.0,188.0,636.7,55.6,13.1,9.5,44.3,27.6,98.7,0.7,1.6,
2020-10-10,Snacks,180.0,3.5,0.3,0.0,0.0,0.0,0.0,251.0,0.0,43.2,2.7,33.6,2.1,0.0,0.0,37.5,0.0,
2020-10-12,Breakfast,661.7,20.3,8.6,1.0,1.5,0.2,378.8,602.2,775.7,60.2,8.2,7.9,53.6,10.1,1669.9,13.0,28.9,
2020-10-12,Lunch,466.4,6.8,2.6,0.2,2.7,0.0,0.0,16.1,0.0,48.7,7.8,14.6,32.6,0.0,5.0,1.0,1.0,
2020-10-12,Dinner,444.5,11.2,6.7,0.4,2.3,0.0,0.0,43.6,1292.1,49.3,6.2,4.2,40.3,8.4,134.8,5.1,13.7,
2020-10-12,Snacks,180.0,3.5,0.3,0.0,0.0,0.0,0.0,251.0,0.0,43.2,2.7,33.6,2.1,0.0,0.0,37.5,0.0,
2020-10-13,Breakfast,399.0,11.8,3.6,0.5,0.0,0.2,354.0,221.2,669.8,31.2,0.0,0.0,40.4,9.6,1669.6,6.2,13.4,
2020-10-13,Lunch,477.6,6.1,1.1,0.5,2.6,0.0,0.0,188.0,636.7,55.6,13.1,9.5,44.3,27.6,98.7,0.7,1.6,
2020-10-13,Dinner,397.8,8.7,5.2,0.3,1.7,0.0,0.0,43.4,1292.1,49.0,6.2,4.1,34.4,8.4,134.8,5.1,13.7,
2020-10-13,Snacks,130.0,3.4,0.3,0.0,0.0,0.0,0.0,250.0,0.0,31.4,0.3,21.8,1.7,0.0,0.0,37.5,0.0,
2020-10-14,Breakfast,474.9,15.4,5.0,0.5,0.0,0.0,330.0,547.9,563.0,43.9,9.8,4.2,40.8,8.0,1668.0,4.6,25.2,
2020-10-14,Lunch,677.5,21.3,13.9,0.2,0.6,0.0,0.0,11.7,0.0,35.1,4.7,11.1,82.3,0.0,5.0,1.0,1.0,
2020-10-14,Dinner,1026.7,48.7,27.5,0.6,2.4,0.3,67.2,163.8,267.8,73.6,3.0,9.4,67.5,2.8,2.4,12.9,4.8,
2020-10-14,Snacks,180.0,3.5,0.3,0.0,0.0,0.0,0.0,251.0,0.0,43.2,2.7,33.6,2.1,0.0,0.0,37.5,0.0,
2020-10-15,Breakfast,361.8,8.1,0.8,0.5,0.2,0.0,0.0,234.0,345.0,55.6,8.2,20.8,8.6,0.5,1671.0,19.4,2.7,
2020-10-15,Snacks,180.0,3.5,0.3,0.0,0.0,0.0,0.0,251.0,0.0,43.2,2.7,33.6,2.1,0.0,0.0,37.5,0.0,
2021-04-14,Breakfast,336.8,15.3,5.4,0.3,0.0,0.0,330.0,450.4,563.0,33.5,4.2,1.4,19.7,8.0,1668.0,4.6,25.2,
2021-04-14,Lunch,423.9,6.8,2.6,0.5,2.7,0.0,0.0,8.3,0.0,38.7,5.8,18.7,32.8,0.0,108.0,0.0,0.0,
2021-04-14,Dinner,514.6,14.6,7.1,0.6,2.9,0.0,0.0,345.5,337.0,22.5,3.5,6.9,66.5,19.8,12.6,13.0,9.4,
2021-04-14,Snacks,130.0,3.4,0.3,0.0,0.0,0.0,0.0,250.0,0.0,31.4,0.3,21.8,1.7,0.0,0.0,37.5,0.0,
2021-04-15,Breakfast,378.8,9.4,0.9,0.7,0.4,0.0,0.0,187.0,345.0,58.9,9.2,15.4,9.9,0.0,1673.0,21.9,3.2,
2021-04-15,Lunch,467.5,8.0,1.7,0.2,1.4,0.0,0.0,35.1,369.0,33.9,6.0,5.0,67.6,11.8,131.1,4.7,3.4,
2021-04-15,Dinner,559.2,18.3,9.9,0.7,3.7,0.3,30.0,95.0,1326.9,44.3,4.4,2.3,54.0,2.0,33.2,4.3,15.6,
2021-04-15,Snacks,227.0,4.5,0.5,0.0,0.0,0.0,0.0,440.0,0.0,48.5,2.5,23.3,6.1,0.0,0.0,37.5,0.0,
2021-04-16,Breakfast,413.4,15.5,5.1,0.6,0.0,0.2,350.1,539.5,734.5,25.4,7.0,2.9,41.0,9.3,1669.3,5.9,27.9,
2021-04-16,Lunch,742.2,14.2,4.9,1.3,2.9,0.3,216.0,143.4,461.0,51.6,11.0,18.4,47.4,6.0,124.0,6.0,9.0,
2021-04-16,Dinner,488.5,31.8,18.9,0.0,0.0,0.0,0.0,775.1,0.0,25.9,3.3,2.4,24.4,0.0,0.0,64.4,0.0,
2021-04-16,Snacks,457.0,10.1,2.1,1.8,3.0,0.0,0.0,419.0,0.0,64.5,2.7,34.5,6.0,0.0,0.0,37.5,0.0,
2021-04-17,Breakfast,451.4,19.3,7.5,0.7,2.5,0.0,0.0,186.0,345.0,52.5,8.3,7.3,11.2,0.0,1668.0,20.9,2.2,
2021-04-17,Lunch,557.4,7.7,2.8,1.0,2.9,0.0,0.0,16.8,0.0,63.7,9.5,20.1,37.3,0.0,108.0,0.0,0.0,
2021-04-17,Dinner,1260.0,70.0,20.5,0.0,0.0,1.0,150.0,1650.0,0.0,109.0,10.0,8.0,52.0,0.0,15.0,152.0,0.0,
2021-04-17,Snacks,298.0,3.5,0.3,0.0,0.0,0.0,0.0,251.0,0.0,43.2,2.7,33.6,2.1,0.0,0.0,37.5,0.0,
2021-04-18,Breakfast,387.8,15.3,6.1,0.3,0.0,0.0,0.0,265.1,345.0,49.1,5.8,10.4,10.3,0.0,1668.0,0.6,2.2,
2021-04-18,Lunch,256.6,7.1,3.5,0.2,1.2,0.0,0.0,128.8,389.7,16.1,3.5,4.6,34.8,18.3,109.9,9.3,6.8,
2021-04-18,Dinner,743.5,22.1,10.4,0.3,0.2,0.2,29.3,663.9,213.8,90.2,7.4,5.7,41.9,3.1,1.5,4.1,3.5,
2021-04-18,Snacks,339.0,10.1,2.1,1.8,3.0,0.0,0.0,419.0,0.0,64.5,2.7,34.5,6.0,0.0,0.0,37.5,0.0,
2021-04-19,Breakfast,382.9,13.3,4.1,0.6,0.0,0.2,345.0,532.4,691.0,27.1,8.0,3.3,36.5,9.0,1669.0,5.6,27.2,
2021-04-19,Lunch,357.2,7.3,3.6,0.3,1.2,0.0,0.0,178.7,452.9,36.9,8.6,21.1,38.1,276.5,252.3,12.0,8.4,
2021-04-19,Dinner,593.7,24.0,11.8,0.9,1.8,0.3,216.0,146.1,315.0,43.4,6.8,12.5,44.5,6.0,9.0,5.0,9.0,
2021-04-19,Snacks,239.0,3.5,0.3,0.0,0.0,0.0,0.0,251.0,0.0,43.2,2.7,33.6,2.1,0.0,0.0,37.5,0.0,
2021-04-20,Breakfast,484.2,19.9,7.6,0.8,2.6,0.0,0.0,196.0,345.0,58.4,8.9,9.9,11.9,0.0,1668.0,22.4,2.2,
2021-04-20,Lunch,540.3,7.1,1.6,0.2,1.4,0.0,0.0,41.7,432.2,52.4,7.7,18.9,69.0,14.2,268.7,5.5,4.0,
2021-04-20,Dinner,526.1,20.9,8.8,0.2,4.8,0.0,6.3,421.0,156.1,42.9,8.4,5.8,40.3,3.3,7.5,1.5,1.1,
2021-04-20,Snacks,241.7,3.5,0.3,0.0,0.0,0.0,0.0,251.0,0.0,43.2,2.7,33.6,2.1,0.0,0.0,37.5,0.0,
2021-04-21,Breakfast,275.1,12.4,4.1,0.3,0.0,0.0,330.0,410.8,563.0,25.3,3.3,1.2,18.1,8.0,1668.0,4.6,25.2,
2021-04-21,Lunch,628.0,8.1,2.9,1.3,3.0,0.0,0.0,21.3,0.0,76.9,11.5,20.8,39.7,0.0,108.0,0.0,0.0,
2021-04-21,Dinner,449.3,19.0,8.5,0.2,4.8,0.0,6.3,41.0,156.1,34.1,5.0,3.1,34.2,3.3,7.5,1.5,1.1,
2021-04-21,Snacks,180.0,3.5,0.3,0.0,0.0,0.0,0.0,251.0,0.0,43.2,2.7,33.6,2.1,0.0,0.0,37.5,0.0,
